Grupo,Test,Res,VGRESULT,VGCUTIN,X6,Erro,Code,TEST.WORKED
GrupoA,kal00,31, 6144 0 0 17490 0 ,23634,NA,ERR_STRING_TO_X,31,TRUE
GrupoA,kal01,0,no leaks are possible,0,NA,0,0,TRUE
GrupoA,kal02,0,no leaks are possible,0,NA,0,0,TRUE
GrupoA,kal03,0,no leaks are possible,0,NA,0,0,TRUE
GrupoA,kal04,0,no leaks are possible,0,NA,0,0,TRUE
GrupoA,kal05,1,-1,-1,"syntax error, unexpected TOKEN_ERRO ",0,0,FALSE
GrupoA,kal06,10, 0 0 0 17018 0 ,17018,NA,ERR_UNDECLARED,10,TRUE
GrupoA,kal07,10, 0 0 0 17018 0 ,17018,NA,ERR_UNDECLARED,10,TRUE
GrupoA,kal08,10, 0 0 0 17004 0 ,17004,NA,ERR_UNDECLARED,10,TRUE
GrupoA,kal09,10, 0 0 0 17001 0 ,17001,NA,ERR_UNDECLARED,10,TRUE
GrupoA,kal10,1,-1,-1,"syntax error, unexpected TOKEN_ERRO ",ERR_UNDECLARED,10,FALSE
GrupoA,kal11,0,no leaks are possible,0,NA,0,0,TRUE
GrupoA,kal12,0,no leaks are possible,0,NA,0,0,TRUE
GrupoA,kal13,0,no leaks are possible,0,NA,0,0,TRUE
GrupoA,kal14,0,no leaks are possible,0,NA,0,0,TRUE
GrupoA,kal15,10, 0 0 0 16978 0 ,16978,NA,ERR_UNDECLARED,10,TRUE
GrupoA,kal16,10, 0 0 0 16978 0 ,16978,NA,ERR_UNDECLARED,10,TRUE
GrupoA,kal17,10, 0 0 0 16978 0 ,16978,NA,ERR_UNDECLARED,10,TRUE
GrupoA,kal18,10, 0 0 0 16978 0 ,16978,NA,ERR_UNDECLARED,10,TRUE
GrupoA,kal19,10, 0 0 0 16822 0 ,16822,NA,ERR_UNDECLARED,10,TRUE
GrupoA,kal20,10, 0 0 0 16822 0 ,16822,NA,ERR_UNDECLARED,10,TRUE
GrupoA,kal21,10, 0 0 0 16822 0 ,16822,NA,ERR_UNDECLARED,10,TRUE
GrupoA,kal22,10, 0 0 0 16822 0 ,16822,NA,ERR_UNDECLARED,10,TRUE
GrupoA,kal23,10, 0 0 0 16822 0 ,16822,NA,ERR_UNDECLARED,10,TRUE
GrupoA,kal24,10, 0 0 0 16822 0 ,16822,NA,ERR_UNDECLARED,10,TRUE
GrupoA,kal25,10, 0 0 0 16822 0 ,16822,NA,ERR_UNDECLARED,10,TRUE
GrupoA,kal26,10, 0 0 0 16822 0 ,16822,NA,ERR_UNDECLARED,10,TRUE
GrupoA,kal27,10, 0 0 0 16822 0 ,16822,NA,ERR_UNDECLARED,10,TRUE
GrupoA,kal28,10, 0 0 0 16822 0 ,16822,NA,ERR_UNDECLARED,10,TRUE
GrupoA,kal29,11, 16 0 0 16724 0 ,16740,NA,ERR_DECLARED,11,TRUE
GrupoA,kal30,0,no leaks are possible,0,NA,0,0,TRUE
GrupoA,kal31,11, 16 0 0 16914 0 ,16930,NA,ERR_DECLARED,11,TRUE
GrupoA,kal32,0,no leaks are possible,0,NA,0,0,TRUE
GrupoA,kal33,11, 16 0 0 17030 0 ,17046,NA,ERR_DECLARED,11,TRUE
GrupoA,kal34,0,no leaks are possible,0,NA,0,0,TRUE
GrupoA,kal35,0,no leaks are possible,0,NA,0,0,TRUE
GrupoA,kal36,11, 16 0 0 17098 0 ,17114,NA,ERR_DECLARED,11,TRUE
GrupoA,kal37,10, 0 0 0 17114 0 ,17114,NA,ERR_UNDECLARED,10,TRUE
GrupoA,kal38,10, 0 0 0 17114 0 ,17114,NA,ERR_UNDECLARED,10,TRUE
GrupoA,kal39,0,no leaks are possible,0,NA,0,0,TRUE
GrupoA,kal40,0,no leaks are possible,0,NA,0,0,TRUE
GrupoA,kal41,0,no leaks are possible,0,NA,0,0,TRUE
GrupoA,kal42,0,no leaks are possible,0,NA,0,0,TRUE
GrupoA,kal43,10, 0 0 0 16918 0 ,16918,NA,ERR_UNDECLARED,10,TRUE
GrupoA,kal44,0,no leaks are possible,0,NA,0,0,TRUE
GrupoA,kal45,10, 0 0 0 17074 0 ,17074,NA,ERR_UNDECLARED,10,TRUE
GrupoA,kal46,20, 8192 0 0 17118 0 ,25310,NA,ERR_VARIABLE,20,TRUE
GrupoA,kal47,20, 4096 0 0 16906 0 ,21002,NA,ERR_VARIABLE,20,TRUE
GrupoA,kal48,21, 8192 0 0 17102 0 ,25294,NA,ERR_VECTOR,21,TRUE
GrupoA,kal49,21, 4096 0 0 16906 0 ,21002,NA,ERR_VECTOR,21,TRUE
GrupoA,kal50,22, 10240 0 0 17272 0 ,27512,NA,ERR_FUNCTION,22,TRUE
GrupoA,kal51,22, 10240 0 0 17288 0 ,27528,NA,ERR_FUNCTION,22,TRUE
GrupoA,kal52,30, 8192 0 0 17384 0 ,25576,NA,ERR_STRING_TO_X,31,FALSE
GrupoA,kal53,30, 8192 0 0 17384 0 ,25576,NA,ERR_STRING_TO_X,31,FALSE
GrupoA,kal54,30, 8192 0 0 17370 0 ,25562,NA,ERR_STRING_TO_X,31,FALSE
GrupoA,kal55,30, 8192 0 0 17367 0 ,25559,NA,ERR_STRING_TO_X,31,FALSE
GrupoA,kal56,30, 8192 0 0 17358 0 ,25550,NA,ERR_CHAR_TO_X,32,FALSE
GrupoA,kal57,30, 8192 0 0 17358 0 ,25550,NA,ERR_CHAR_TO_X,32,FALSE
GrupoA,kal58,30, 8192 0 0 17344 0 ,25536,NA,ERR_CHAR_TO_X,32,FALSE
GrupoA,kal59,30, 8192 0 0 17367 0 ,25559,NA,ERR_CHAR_TO_X,32,FALSE
GrupoA,kal60,33, 14336 0 0 17495 0 ,31831,NA,ERR_STRING_SIZE,33,TRUE
GrupoA,kal61,0,no leaks are possible,0,NA,0,0,TRUE
GrupoA,kal62,41, 8192 0 0 17232 0 ,25424,NA,ERR_EXCESS_ARGS,41,TRUE
GrupoA,kal63,41, 12288 0 0 17472 0 ,29760,NA,ERR_EXCESS_ARGS,41,TRUE
GrupoA,kal64,40, 4096 0 0 17160 0 ,21256,NA,ERR_MISSING_ARGS,40,TRUE
GrupoA,kal65,40, 8192 0 0 17400 0 ,25592,NA,ERR_MISSING_ARGS,40,TRUE
GrupoA,kal66,42, 8192 0 0 17316 0 ,25508,NA,ERR_WRONG_TYPE_ARGS,42,TRUE
GrupoA,kal67,42, 8192 0 0 17316 0 ,25508,NA,ERR_WRONG_TYPE_ARGS,42,TRUE
GrupoA,kal68,42, 8192 0 0 17325 0 ,25517,NA,ERR_WRONG_TYPE_ARGS,42,TRUE
GrupoA,kal69,42, 8192 0 0 17299 0 ,25491,NA,ERR_WRONG_TYPE_ARGS,42,TRUE
GrupoA,kal70,0,no leaks are possible,0,NA,0,0,TRUE
GrupoA,kal71,0,no leaks are possible,0,NA,0,0,TRUE
GrupoA,kal72,42, 16384 0 0 17767 0 ,34151,NA,ERR_WRONG_TYPE_ARGS,42,TRUE
GrupoA,kal73,30, 8192 0 0 17111 0 ,25303,NA,ERR_WRONG_TYPE,30,TRUE
GrupoA,kal74,30, 14336 0 0 17323 0 ,31659,NA,ERR_WRONG_TYPE,30,TRUE
GrupoA,kal75,50, 4096 0 0 16926 0 ,21022,NA,ERR_WRONG_PAR_INPUT,50,TRUE
GrupoA,kal76,50, 4096 0 0 16926 0 ,21022,NA,ERR_WRONG_PAR_INPUT,50,TRUE
GrupoA,kal77,0,no leaks are possible,0,NA,ERR_WRONG_PAR_INPUT,50,FALSE
GrupoA,kal78,0,no leaks are possible,0,NA,0,0,TRUE
GrupoA,kal79,0,no leaks are possible,0,NA,0,0,TRUE
GrupoA,kal80,0,no leaks are possible,0,NA,0,0,TRUE
GrupoA,kal81,0,no leaks are possible,0,NA,0,0,TRUE
GrupoA,kal82,0,no leaks are possible,0,NA,0,0,TRUE
GrupoA,kal83,0,no leaks are possible,0,NA,0,0,TRUE
GrupoA,kal84,51, 4096 0 0 17208 0 ,21304,NA,ERR_WRONG_PAR_OUTPUT,51,TRUE
GrupoA,kal85,51, 4096 0 0 17182 0 ,21278,NA,ERR_WRONG_PAR_OUTPUT,51,TRUE
GrupoA,kal86,0,no leaks are possible,0,NA,ERR_WRONG_PAR_OUTPUT,51,FALSE
GrupoA,kal87,52, 4096 0 0 17226 0 ,21322,NA,ERR_WRONG_PAR_RETURN,52,TRUE
GrupoA,kal88,52, 4096 0 0 17199 0 ,21295,NA,ERR_WRONG_PAR_RETURN,52,TRUE
GrupoA,kal89,0,no leaks are possible,0,NA,0,0,TRUE
GrupoA,kal90,0,no leaks are possible,0,NA,0,0,TRUE
GrupoA,kal91,0,no leaks are possible,0,NA,0,0,TRUE
GrupoA,kal92,0,no leaks are possible,0,NA,0,0,TRUE
GrupoA,kal93,0,no leaks are possible,0,NA,0,0,TRUE
GrupoA,kal94,0,no leaks are possible,0,NA,0,0,TRUE
GrupoA,kal95,0,no leaks are possible,0,NA,0,0,TRUE
GrupoA,kal96,0,no leaks are possible,0,NA,0,0,TRUE
GrupoA,kal97,53, 0 0 0 17085 0 ,17085,NA,ERR_WRONG_PAR_SHIFT,53,TRUE
GrupoA,kal98,53, 0 0 0 17085 0 ,17085,NA,ERR_WRONG_PAR_SHIFT,53,TRUE
GrupoA,kal99,0,no leaks are possible,0,NA,ERR_CHAR_TO_X,32,FALSE
GrupoA,mao01,30, 10240 0 0 17570 0 ,27810,NA,ERR_WRONG_TYPE,30,TRUE
GrupoA,mao02,30, 10240 0 0 17543 0 ,27783,NA,ERR_WRONG_TYPE,30,TRUE
GrupoA,mao03,30, 14336 0 0 17770 0 ,32106,NA,ERR_WRONG_TYPE,30,TRUE
GrupoA,mao04,30, 14336 0 0 17743 0 ,32079,NA,ERR_WRONG_TYPE,30,TRUE
GrupoA,mao05,0,no leaks are possible,0,NA,0,0,TRUE
GrupoA,mao06,0,no leaks are possible,0,NA,0,0,TRUE
GrupoA,mao07,0,no leaks are possible,0,NA,0,0,TRUE
GrupoA,mao08,31, 8192 0 0 17387 0 ,25579,NA,ERR_STRING_TO_X,31,TRUE
GrupoA,mao09,30, 8192 0 0 17267 0 ,25459,NA,ERR_WRONG_TYPE,30,TRUE
GrupoB,kal00,31, 2 0 0 17915 0 ,17917,NA,ERR_STRING_TO_X,31,TRUE
GrupoB,kal01,0, 28 2 0 0 0 ,30,NA,0,0,TRUE
GrupoB,kal02,0, 28 2 0 0 0 ,30,NA,0,0,TRUE
GrupoB,kal03,0, 28 2 0 0 0 ,30,NA,0,0,TRUE
GrupoB,kal04,0, 28 2 0 0 0 ,30,NA,0,0,TRUE
GrupoB,kal05,0, 28 2 0 0 0 ,30,NA,0,0,TRUE
GrupoB,kal06,10, 0 0 0 17346 0 ,17346,NA,ERR_UNDECLARED,10,TRUE
GrupoB,kal07,10, 0 0 0 17346 0 ,17346,NA,ERR_UNDECLARED,10,TRUE
GrupoB,kal08,10, 0 0 0 17346 0 ,17346,NA,ERR_UNDECLARED,10,TRUE
GrupoB,kal09,10, 0 0 0 17346 0 ,17346,NA,ERR_UNDECLARED,10,TRUE
GrupoB,kal10,10, 0 0 0 17347 0 ,17347,NA,ERR_UNDECLARED,10,TRUE
GrupoB,kal11,139,-1,-1,Segmentation fault,0,0,FALSE
GrupoB,kal12,139,-1,-1,Segmentation fault,0,0,FALSE
GrupoB,kal13,139,-1,-1,Segmentation fault,0,0,FALSE
GrupoB,kal14,139,-1,-1,Segmentation fault,0,0,FALSE
GrupoB,kal15,139,-1,-1,Segmentation fault,ERR_UNDECLARED,10,FALSE
GrupoB,kal16,139,-1,-1,Segmentation fault,ERR_UNDECLARED,10,FALSE
GrupoB,kal17,139,-1,-1,Segmentation fault,ERR_UNDECLARED,10,FALSE
GrupoB,kal18,139,-1,-1,Segmentation fault,ERR_UNDECLARED,10,FALSE
GrupoB,kal19,10, 0 0 0 17184 0 ,17184,NA,ERR_UNDECLARED,10,TRUE
GrupoB,kal20,10, 0 0 0 17184 0 ,17184,NA,ERR_UNDECLARED,10,TRUE
GrupoB,kal21,10, 0 0 0 17184 0 ,17184,NA,ERR_UNDECLARED,10,TRUE
GrupoB,kal22,10, 0 0 0 17184 0 ,17184,NA,ERR_UNDECLARED,10,TRUE
GrupoB,kal23,10, 0 0 0 17184 0 ,17184,NA,ERR_UNDECLARED,10,TRUE
GrupoB,kal24,10, 0 0 0 17184 0 ,17184,NA,ERR_UNDECLARED,10,TRUE
GrupoB,kal25,10, 0 0 0 17184 0 ,17184,NA,ERR_UNDECLARED,10,TRUE
GrupoB,kal26,10, 0 0 0 17184 0 ,17184,NA,ERR_UNDECLARED,10,TRUE
GrupoB,kal27,10, 0 0 0 17184 0 ,17184,NA,ERR_UNDECLARED,10,TRUE
GrupoB,kal28,10, 0 0 0 17184 0 ,17184,NA,ERR_UNDECLARED,10,TRUE
GrupoB,kal29,11, 0 0 0 16928 0 ,16928,NA,ERR_DECLARED,11,TRUE
GrupoB,kal30,11, 0 0 0 17316 0 ,17316,NA,0,0,FALSE
GrupoB,kal31,11, 0 0 0 17316 0 ,17316,NA,ERR_DECLARED,11,TRUE
GrupoB,kal32,11, 0 0 0 17572 0 ,17572,NA,0,0,FALSE
GrupoB,kal33,11, 0 0 0 17572 0 ,17572,NA,ERR_DECLARED,11,TRUE
GrupoB,kal34,11, 0 0 0 17316 0 ,17316,NA,0,0,FALSE
GrupoB,kal35,11, 0 0 0 17316 0 ,17316,NA,0,0,FALSE
GrupoB,kal36,11, 0 0 0 17316 0 ,17316,NA,ERR_DECLARED,11,TRUE
GrupoB,kal37,10, 0 0 0 18114 0 ,18114,NA,ERR_UNDECLARED,10,TRUE
GrupoB,kal38,10, 0 0 0 18114 0 ,18114,NA,ERR_UNDECLARED,10,TRUE
GrupoB,kal39,0, 28 2 0 0 0 ,30,NA,0,0,TRUE
GrupoB,kal40,11, 0 0 0 17316 0 ,17316,NA,0,0,FALSE
GrupoB,kal41,0, 28 2 0 0 0 ,30,NA,0,0,TRUE
GrupoB,kal42,0, 4 0 0 0 0 ,4,NA,0,0,TRUE
GrupoB,kal43,10, 0 0 0 17952 0 ,17952,NA,ERR_UNDECLARED,10,TRUE
GrupoB,kal44,139,-1,-1,Segmentation fault,0,0,FALSE
GrupoB,kal45,139,-1,-1,Segmentation fault,ERR_UNDECLARED,10,FALSE
GrupoB,kal46,139,-1,-1,Segmentation fault,ERR_VARIABLE,20,FALSE
GrupoB,kal47,20, 0 0 0 17316 0 ,17316,NA,ERR_VARIABLE,20,TRUE
GrupoB,kal48,21, 24 0 0 17478 0 ,17502,NA,ERR_VECTOR,21,TRUE
GrupoB,kal49,21, 24 0 0 17316 0 ,17340,NA,ERR_VECTOR,21,TRUE
GrupoB,kal50,22, 0 0 0 17870 0 ,17870,NA,ERR_FUNCTION,22,TRUE
GrupoB,kal51,139,-1,-1,Segmentation fault,ERR_FUNCTION,22,FALSE
GrupoB,kal52,31, 0 0 0 17623 0 ,17623,NA,ERR_STRING_TO_X,31,TRUE
GrupoB,kal53,31, 0 0 0 17623 0 ,17623,NA,ERR_STRING_TO_X,31,TRUE
GrupoB,kal54,31, 0 0 0 17623 0 ,17623,NA,ERR_STRING_TO_X,31,TRUE
GrupoB,kal55,31, 0 0 0 17623 0 ,17623,NA,ERR_STRING_TO_X,31,TRUE
GrupoB,kal56,32, 0 0 0 17614 0 ,17614,NA,ERR_CHAR_TO_X,32,TRUE
GrupoB,kal57,32, 0 0 0 17614 0 ,17614,NA,ERR_CHAR_TO_X,32,TRUE
GrupoB,kal58,32, 0 0 0 17614 0 ,17614,NA,ERR_CHAR_TO_X,32,TRUE
GrupoB,kal59,31, 0 0 0 17623 0 ,17623,NA,ERR_CHAR_TO_X,32,FALSE
GrupoB,kal60,33, 0 0 0 17794 0 ,17794,NA,ERR_STRING_SIZE,33,TRUE
GrupoB,kal61,33, 0 0 0 17791 0 ,17791,NA,0,0,FALSE
GrupoB,kal62,41, 0 0 0 17812 0 ,17812,NA,ERR_EXCESS_ARGS,41,TRUE
GrupoB,kal63,41, 0 0 0 18016 0 ,18016,NA,ERR_EXCESS_ARGS,41,TRUE
GrupoB,kal64,40, 0 0 0 17808 0 ,17808,NA,ERR_MISSING_ARGS,40,TRUE
GrupoB,kal65,40, 0 0 0 18012 0 ,18012,NA,ERR_MISSING_ARGS,40,TRUE
GrupoB,kal66,42, 0 0 0 17912 0 ,17912,NA,ERR_WRONG_TYPE_ARGS,42,TRUE
GrupoB,kal67,42, 0 0 0 17912 0 ,17912,NA,ERR_WRONG_TYPE_ARGS,42,TRUE
GrupoB,kal68,42, 0 0 0 17921 0 ,17921,NA,ERR_WRONG_TYPE_ARGS,42,TRUE
GrupoB,kal69,42, 0 0 0 17912 0 ,17912,NA,ERR_WRONG_TYPE_ARGS,42,TRUE
GrupoB,kal70,0, 30 2 0 0 0 ,32,NA,0,0,TRUE
GrupoB,kal71,42, 0 0 0 18116 0 ,18116,NA,0,0,FALSE
GrupoB,kal72,42, 0 0 0 18322 0 ,18322,NA,ERR_WRONG_TYPE_ARGS,42,TRUE
GrupoB,kal73,31, 0 0 0 17487 0 ,17487,NA,ERR_WRONG_TYPE,30,FALSE
GrupoB,kal74,139,-1,-1,Segmentation fault,ERR_WRONG_TYPE,30,FALSE
GrupoB,kal75,50, 0 0 0 17372 0 ,17372,NA,ERR_WRONG_PAR_INPUT,50,TRUE
GrupoB,kal76,50, 0 0 0 17372 0 ,17372,NA,ERR_WRONG_PAR_INPUT,50,TRUE
GrupoB,kal77,50, 0 0 0 17372 0 ,17372,NA,ERR_WRONG_PAR_INPUT,50,TRUE
GrupoB,kal78,0, 28 2 0 0 0 ,30,NA,0,0,TRUE
GrupoB,kal79,0, 28 2 0 0 0 ,30,NA,0,0,TRUE
GrupoB,kal80,0, 28 2 0 0 0 ,30,NA,0,0,TRUE
GrupoB,kal81,0, 28 2 0 0 0 ,30,NA,0,0,TRUE
GrupoB,kal82,0, 2 0 0 0 0 ,2,NA,0,0,TRUE
GrupoB,kal83,0, 2 0 0 0 0 ,2,NA,0,0,TRUE
GrupoB,kal84,51, 0 0 0 17517 0 ,17517,NA,ERR_WRONG_PAR_OUTPUT,51,TRUE
GrupoB,kal85,51, 0 0 0 17508 0 ,17508,NA,ERR_WRONG_PAR_OUTPUT,51,TRUE
GrupoB,kal86,51, 0 0 0 17616 0 ,17616,NA,ERR_WRONG_PAR_OUTPUT,51,TRUE
GrupoB,kal87,52, 0 0 0 17517 0 ,17517,NA,ERR_WRONG_PAR_RETURN,52,TRUE
GrupoB,kal88,52, 0 0 0 17616 0 ,17616,NA,ERR_WRONG_PAR_RETURN,52,TRUE
GrupoB,kal89,52, 0 0 0 17372 0 ,17372,NA,0,0,FALSE
GrupoB,kal90,52, 0 0 0 17372 0 ,17372,NA,0,0,FALSE
GrupoB,kal91,52, 0 0 0 17372 0 ,17372,NA,0,0,FALSE
GrupoB,kal92,52, 0 0 0 17372 0 ,17372,NA,0,0,FALSE
GrupoB,kal93,52, 0 0 0 17372 0 ,17372,NA,0,0,FALSE
GrupoB,kal94,52, 0 0 0 17238 0 ,17238,NA,0,0,FALSE
GrupoB,kal95,0, 28 2 0 0 0 ,30,NA,0,0,TRUE
GrupoB,kal96,0, 28 2 0 0 0 ,30,NA,0,0,TRUE
GrupoB,kal97,53, 0 0 0 17478 0 ,17478,NA,ERR_WRONG_PAR_SHIFT,53,TRUE
GrupoB,kal98,53, 0 0 0 17478 0 ,17478,NA,ERR_WRONG_PAR_SHIFT,53,TRUE
GrupoB,kal99,32, 2 0 0 18014 0 ,18016,NA,ERR_CHAR_TO_X,32,TRUE
GrupoB,mao01,31, 2 0 0 18053 0 ,18055,NA,ERR_WRONG_TYPE,30,FALSE
GrupoB,mao02,32, 2 0 0 18152 0 ,18154,NA,ERR_WRONG_TYPE,30,FALSE
GrupoB,mao03,31, 4 0 0 18349 0 ,18353,NA,ERR_WRONG_TYPE,30,FALSE
GrupoB,mao04,32, 4 0 0 18448 0 ,18452,NA,ERR_WRONG_TYPE,30,FALSE
GrupoB,mao05,0, 110 8 0 0 0 ,118,NA,0,0,TRUE
GrupoB,mao06,0, 138 10 0 0 0 ,148,NA,0,0,TRUE
GrupoB,mao07,0, 166 12 0 0 0 ,178,NA,0,0,TRUE
GrupoB,mao08,31, 2 0 0 18171 0 ,18173,NA,ERR_STRING_TO_X,31,TRUE
GrupoB,mao09,31, 0 0 0 18013 0 ,18013,NA,ERR_WRONG_TYPE,30,FALSE
GrupoC,kal00,30, 1686 246 0 17622 0 ,19554,NA,ERR_STRING_TO_X,31,FALSE
GrupoC,kal01,0, 1462 346 0 353 0 ,2161,NA,0,0,TRUE
GrupoC,kal02,0, 1462 346 0 353 0 ,2161,NA,0,0,TRUE
GrupoC,kal03,0, 1510 350 0 297 0 ,2157,NA,0,0,TRUE
GrupoC,kal04,0, 1510 347 0 297 0 ,2154,NA,0,0,TRUE
GrupoC,kal05,0, 1513 347 0 297 0 ,2157,NA,0,0,TRUE
GrupoC,kal06,10, 446 0 0 17145 0 ,17591,NA,ERR_UNDECLARED,10,TRUE
GrupoC,kal07,10, 446 0 0 17145 0 ,17591,NA,ERR_UNDECLARED,10,TRUE
GrupoC,kal08,10, 494 0 0 17093 0 ,17587,NA,ERR_UNDECLARED,10,TRUE
GrupoC,kal09,10, 494 0 0 17090 0 ,17584,NA,ERR_UNDECLARED,10,TRUE
GrupoC,kal10,10, 497 0 0 17090 0 ,17587,NA,ERR_UNDECLARED,10,TRUE
GrupoC,kal11,0, 2046 446 0 465 0 ,2957,NA,0,0,TRUE
GrupoC,kal12,0, 2046 446 0 465 0 ,2957,NA,0,0,TRUE
GrupoC,kal13,0, 2094 450 0 409 0 ,2953,NA,0,0,TRUE
GrupoC,kal14,0, 2094 447 0 409 0 ,2950,NA,0,0,TRUE
GrupoC,kal15,10, 738 50 0 17297 0 ,18085,NA,ERR_UNDECLARED,10,TRUE
GrupoC,kal16,10, 738 50 0 17297 0 ,18085,NA,ERR_UNDECLARED,10,TRUE
GrupoC,kal17,10, 786 50 0 17245 0 ,18081,NA,ERR_UNDECLARED,10,TRUE
GrupoC,kal18,10, 786 50 0 17242 0 ,18078,NA,ERR_UNDECLARED,10,TRUE
GrupoC,kal19,10, 350 0 0 17201 0 ,17551,NA,ERR_UNDECLARED,10,TRUE
GrupoC,kal20,10, 350 0 0 17201 0 ,17551,NA,ERR_UNDECLARED,10,TRUE
GrupoC,kal21,10, 350 0 0 17201 0 ,17551,NA,ERR_UNDECLARED,10,TRUE
GrupoC,kal22,10, 350 0 0 17201 0 ,17551,NA,ERR_UNDECLARED,10,TRUE
GrupoC,kal23,10, 350 0 0 17201 0 ,17551,NA,ERR_UNDECLARED,10,TRUE
GrupoC,kal24,10, 350 0 0 17201 0 ,17551,NA,ERR_UNDECLARED,10,TRUE
GrupoC,kal25,10, 350 0 0 17201 0 ,17551,NA,ERR_UNDECLARED,10,TRUE
GrupoC,kal26,10, 350 0 0 17201 0 ,17551,NA,ERR_UNDECLARED,10,TRUE
GrupoC,kal27,10, 350 0 0 17201 0 ,17551,NA,ERR_UNDECLARED,10,TRUE
GrupoC,kal28,10, 350 0 0 17201 0 ,17551,NA,ERR_UNDECLARED,10,TRUE
GrupoC,kal29,11, 392 50 0 16796 0 ,17238,NA,ERR_DECLARED,11,TRUE
GrupoC,kal30,11, 592 50 0 17040 0 ,17682,NA,0,0,FALSE
GrupoC,kal31,11, 496 0 0 17186 0 ,17682,NA,ERR_DECLARED,11,TRUE
GrupoC,kal32,1,-1,-1,Erro sintatico na linha 3 ,0,0,FALSE
GrupoC,kal33,1,-1,-1,Erro sintatico na linha 4 ,ERR_DECLARED,11,FALSE
GrupoC,kal34,11, 592 50 0 17040 0 ,17682,NA,0,0,FALSE
GrupoC,kal35,11, 592 50 0 17040 0 ,17682,NA,0,0,FALSE
GrupoC,kal36,11, 592 50 0 17040 0 ,17682,NA,ERR_DECLARED,11,TRUE
GrupoC,kal37,1,-1,-1,Erro sintatico na linha 3 ,ERR_UNDECLARED,10,FALSE
GrupoC,kal38,1,-1,-1,Erro sintatico na linha 3 ,ERR_UNDECLARED,10,FALSE
GrupoC,kal39,1,-1,-1,Erro sintatico na linha 2 ,0,0,FALSE
GrupoC,kal40,11, 592 50 0 17040 0 ,17682,NA,0,0,FALSE
GrupoC,kal41,1,-1,-1,Erro sintatico na linha 3 ,0,0,FALSE
GrupoC,kal42,1,-1,-1,Erro sintatico na linha 3 ,0,0,FALSE
GrupoC,kal43,1,-1,-1,Erro sintatico na linha 3 ,ERR_UNDECLARED,10,FALSE
GrupoC,kal44,1,-1,-1,Erro sintatico na linha 3 ,0,0,FALSE
GrupoC,kal45,1,-1,-1,Erro sintatico na linha 3 ,ERR_UNDECLARED,10,FALSE
GrupoC,kal46,20, 982 100 0 17393 0 ,18475,NA,ERR_VARIABLE,20,TRUE
GrupoC,kal47,0, 1416 507 0 297 0 ,2220,NA,ERR_VARIABLE,20,FALSE
GrupoC,kal48,21, 886 51 0 17346 0 ,18283,NA,ERR_VECTOR,21,TRUE
GrupoC,kal49,0, 1660 509 0 353 0 ,2522,NA,ERR_VECTOR,21,FALSE
GrupoC,kal50,22, 1082 53 0 17538 0 ,18673,NA,ERR_FUNCTION,22,TRUE
GrupoC,kal51,22, 1374 103 0 17690 0 ,19167,NA,ERR_FUNCTION,22,TRUE
GrupoC,kal52,30, 904 50 0 17435 0 ,18389,NA,ERR_STRING_TO_X,31,FALSE
GrupoC,kal53,30, 904 50 0 17435 0 ,18389,NA,ERR_STRING_TO_X,31,FALSE
GrupoC,kal54,30, 952 50 0 17383 0 ,18385,NA,ERR_STRING_TO_X,31,FALSE
GrupoC,kal55,32, 952 50 0 17380 0 ,18382,NA,ERR_STRING_TO_X,31,FALSE
GrupoC,kal56,30, 885 50 0 17435 0 ,18370,NA,ERR_CHAR_TO_X,32,FALSE
GrupoC,kal57,30, 885 50 0 17435 0 ,18370,NA,ERR_CHAR_TO_X,32,FALSE
GrupoC,kal58,30, 933 50 0 17383 0 ,18366,NA,ERR_CHAR_TO_X,32,FALSE
GrupoC,kal59,32, 952 50 0 17380 0 ,18382,NA,ERR_CHAR_TO_X,32,TRUE
GrupoC,kal60,30, 1218 148 0 17428 0 ,18794,NA,ERR_STRING_SIZE,33,FALSE
GrupoC,kal61,30, 1212 148 0 17428 0 ,18788,NA,0,0,FALSE
GrupoC,kal62,0, 2096 663 0 353 0 ,3112,NA,ERR_EXCESS_ARGS,41,FALSE
GrupoC,kal63,0, 2388 761 0 457 0 ,3606,NA,ERR_EXCESS_ARGS,41,FALSE
GrupoC,kal64,0, 2146 616 0 345 0 ,3107,NA,ERR_MISSING_ARGS,40,FALSE
GrupoC,kal65,0, 2486 666 0 449 0 ,3601,NA,ERR_MISSING_ARGS,40,FALSE
GrupoC,kal66,0, 2242 664 0 401 0 ,3307,NA,ERR_WRONG_TYPE_ARGS,42,FALSE
GrupoC,kal67,0, 2242 664 0 401 0 ,3307,NA,ERR_WRONG_TYPE_ARGS,42,FALSE
GrupoC,kal68,0, 2309 665 0 345 0 ,3319,NA,ERR_WRONG_TYPE_ARGS,42,FALSE
GrupoC,kal69,0, 2290 665 0 345 0 ,3300,NA,ERR_WRONG_TYPE_ARGS,42,FALSE
GrupoC,kal70,0, 2242 664 0 401 0 ,3307,NA,0,0,TRUE
GrupoC,kal71,0, 2680 767 0 449 0 ,3896,NA,0,0,TRUE
GrupoC,kal72,0, 3119 867 0 497 0 ,4483,NA,ERR_WRONG_TYPE_ARGS,42,FALSE
GrupoC,kal73,30, 757 49 0 17187 0 ,17993,NA,ERR_WRONG_TYPE,30,TRUE
GrupoC,kal74,30, 1245 101 0 17443 0 ,18789,NA,ERR_WRONG_TYPE,30,TRUE
GrupoC,kal75,50, 494 49 0 17040 0 ,17583,NA,ERR_WRONG_PAR_INPUT,50,TRUE
GrupoC,kal76,50, 494 49 0 17040 0 ,17583,NA,ERR_WRONG_PAR_INPUT,50,TRUE
GrupoC,kal77,50, 494 49 0 17040 0 ,17583,NA,ERR_WRONG_PAR_INPUT,50,TRUE
GrupoC,kal78,0, 1268 297 0 297 0 ,1862,NA,0,0,TRUE
GrupoC,kal79,0, 1268 297 0 297 0 ,1862,NA,0,0,TRUE
GrupoC,kal80,0, 1268 297 0 297 0 ,1862,NA,0,0,TRUE
GrupoC,kal81,0, 1268 297 0 297 0 ,1862,NA,0,0,TRUE
GrupoC,kal82,0, 926 246 0 305 0 ,1477,NA,0,0,TRUE
GrupoC,kal83,0, 926 246 0 305 0 ,1477,NA,0,0,TRUE
GrupoC,kal84,51, 660 49 0 17282 0 ,17991,NA,ERR_WRONG_PAR_OUTPUT,51,TRUE
GrupoC,kal85,51, 641 49 0 17282 0 ,17972,NA,ERR_WRONG_PAR_OUTPUT,51,TRUE
GrupoC,kal86,51, 932 151 0 17185 0 ,18268,NA,ERR_WRONG_PAR_OUTPUT,51,TRUE
GrupoC,kal87,0, 1336 298 0 241 0 ,1875,NA,ERR_WRONG_PAR_RETURN,52,FALSE
GrupoC,kal88,0, 1560 348 0 241 0 ,2149,NA,ERR_WRONG_PAR_RETURN,52,FALSE
GrupoC,kal89,0, 1074 152 0 241 0 ,1467,NA,0,0,TRUE
GrupoC,kal90,0, 1074 152 0 241 0 ,1467,NA,0,0,TRUE
GrupoC,kal91,0, 1074 152 0 241 0 ,1467,NA,0,0,TRUE
GrupoC,kal92,0, 1074 152 0 241 0 ,1467,NA,0,0,TRUE
GrupoC,kal93,0, 1074 152 0 241 0 ,1467,NA,0,0,TRUE
GrupoC,kal94,0, 732 101 0 249 0 ,1082,NA,0,0,TRUE
GrupoC,kal95,0, 1463 346 0 353 0 ,2162,NA,0,0,TRUE
GrupoC,kal96,0, 1463 346 0 353 0 ,2162,NA,0,0,TRUE
GrupoC,kal97,53, 641 49 0 17193 0 ,17883,NA,ERR_WRONG_PAR_SHIFT,53,TRUE
GrupoC,kal98,53, 641 49 0 17193 0 ,17883,NA,ERR_WRONG_PAR_SHIFT,53,TRUE
GrupoC,kal99,30, 1862 295 0 17671 0 ,19828,NA,ERR_CHAR_TO_X,32,FALSE
GrupoC,mao01,30, 1686 246 0 17622 0 ,19554,NA,ERR_WRONG_TYPE,30,TRUE
GrupoC,mao02,30, 1862 295 0 17671 0 ,19828,NA,ERR_WRONG_TYPE,30,TRUE
GrupoC,mao03,30, 2126 344 0 17864 0 ,20334,NA,ERR_WRONG_TYPE,30,TRUE
GrupoC,mao04,30, 2302 393 0 17913 0 ,20608,NA,ERR_WRONG_TYPE,30,TRUE
GrupoC,mao05,30, 1864 294 0 17768 0 ,19926,NA,0,0,FALSE
GrupoC,mao06,30, 2400 441 0 17865 0 ,20706,NA,0,0,FALSE
GrupoC,mao07,30, 2840 539 0 18107 0 ,21486,NA,0,0,FALSE
GrupoC,mao08,30, 2031 250 0 18023 0 ,20304,NA,ERR_STRING_TO_X,31,FALSE
GrupoC,mao09,30, 1591 152 0 17781 0 ,19524,NA,ERR_WRONG_TYPE,30,TRUE
GrupoD,kal00,31, 0 0 0 17381 0 ,17381,NA,ERR_STRING_TO_X,31,TRUE
GrupoD,kal01,0, 59 218 0 0 0 ,277,NA,0,0,TRUE
GrupoD,kal02,0, 59 220 0 0 0 ,279,NA,0,0,TRUE
GrupoD,kal03,0, 59 221 0 0 0 ,280,NA,0,0,TRUE
GrupoD,kal04,1,-1,-1,"ERROR: line 3 - syntax error, unexpected TK_LIT_CHAR ",0,0,FALSE
GrupoD,kal05,1,-1,-1,"ERROR: line 3 - syntax error, unexpected TK_LIT_STRING ",0,0,FALSE
GrupoD,kal06,10, 0 0 0 16676 0 ,16676,NA,ERR_UNDECLARED,10,TRUE
GrupoD,kal07,10, 0 0 0 16676 0 ,16676,NA,ERR_UNDECLARED,10,TRUE
GrupoD,kal08,10, 0 0 0 16676 0 ,16676,NA,ERR_UNDECLARED,10,TRUE
GrupoD,kal09,10, 0 0 0 16676 0 ,16676,NA,ERR_UNDECLARED,10,TRUE
GrupoD,kal10,10, 0 0 0 16676 0 ,16676,NA,ERR_UNDECLARED,10,TRUE
GrupoD,kal11,0, 125 273 0 0 0 ,398,NA,0,0,TRUE
GrupoD,kal12,0, 125 275 0 0 0 ,400,NA,0,0,TRUE
GrupoD,kal13,0, 125 277 0 0 0 ,402,NA,0,0,TRUE
GrupoD,kal14,1,-1,-1,"ERROR: line 3 - syntax error, unexpected TK_LIT_CHAR ",0,0,FALSE
GrupoD,kal15,0, 29 216 0 0 0 ,245,NA,ERR_UNDECLARED,10,FALSE
GrupoD,kal16,0, 29 218 0 0 0 ,247,NA,ERR_UNDECLARED,10,FALSE
GrupoD,kal17,0, 29 220 0 0 0 ,249,NA,ERR_UNDECLARED,10,FALSE
GrupoD,kal18,1,-1,-1,"ERROR: line 3 - syntax error, unexpected TK_LIT_CHAR ",ERR_UNDECLARED,10,FALSE
GrupoD,kal19,10, 0 0 0 16642 0 ,16642,NA,ERR_UNDECLARED,10,TRUE
GrupoD,kal20,10, 0 0 0 16642 0 ,16642,NA,ERR_UNDECLARED,10,TRUE
GrupoD,kal21,10, 0 0 0 16642 0 ,16642,NA,ERR_UNDECLARED,10,TRUE
GrupoD,kal22,10, 0 0 0 16642 0 ,16642,NA,ERR_UNDECLARED,10,TRUE
GrupoD,kal23,10, 0 0 0 16642 0 ,16642,NA,ERR_UNDECLARED,10,TRUE
GrupoD,kal24,10, 0 0 0 16642 0 ,16642,NA,ERR_UNDECLARED,10,TRUE
GrupoD,kal25,10, 0 0 0 16642 0 ,16642,NA,ERR_UNDECLARED,10,TRUE
GrupoD,kal26,10, 0 0 0 16642 0 ,16642,NA,ERR_UNDECLARED,10,TRUE
GrupoD,kal27,10, 0 0 0 16642 0 ,16642,NA,ERR_UNDECLARED,10,TRUE
GrupoD,kal28,10, 0 0 0 16642 0 ,16642,NA,ERR_UNDECLARED,10,TRUE
GrupoD,kal29,0, 87 172 0 0 0 ,259,NA,ERR_DECLARED,11,FALSE
GrupoD,kal30,0, 87 220 0 0 0 ,307,NA,0,0,TRUE
GrupoD,kal31,0, 87 172 0 0 0 ,259,NA,ERR_DECLARED,11,FALSE
GrupoD,kal32,0, 87 236 0 0 0 ,323,NA,0,0,TRUE
GrupoD,kal33,0, 119 240 0 0 0 ,359,NA,ERR_DECLARED,11,FALSE
GrupoD,kal34,0, 119 288 0 0 0 ,407,NA,0,0,TRUE
GrupoD,kal35,0, 183 424 0 0 0 ,607,NA,0,0,TRUE
GrupoD,kal36,0, 215 428 0 0 0 ,643,NA,ERR_DECLARED,11,FALSE
GrupoD,kal37,10, 0 0 0 16724 0 ,16724,NA,ERR_UNDECLARED,10,TRUE
GrupoD,kal38,10, 0 0 0 16724 0 ,16724,NA,ERR_UNDECLARED,10,TRUE
GrupoD,kal39,0, 59 266 0 0 0 ,325,NA,0,0,TRUE
GrupoD,kal40,0, 91 319 0 0 0 ,410,NA,0,0,TRUE
GrupoD,kal41,0, 59 267 0 0 0 ,326,NA,0,0,TRUE
GrupoD,kal42,0, 48 264 0 0 0 ,312,NA,0,0,TRUE
GrupoD,kal43,10, 0 0 0 16690 0 ,16690,NA,ERR_UNDECLARED,10,TRUE
GrupoD,kal44,0, 125 322 0 0 0 ,447,NA,0,0,TRUE
GrupoD,kal45,0, 29 265 0 0 0 ,294,NA,ERR_UNDECLARED,10,FALSE
GrupoD,kal46,0, 61 270 0 0 0 ,331,NA,ERR_VARIABLE,20,FALSE
GrupoD,kal47,20, 32 2 0 16724 0 ,16758,NA,ERR_VARIABLE,20,TRUE
GrupoD,kal48,0, 123 224 0 0 0 ,347,NA,ERR_VECTOR,21,FALSE
GrupoD,kal49,20, 96 8 0 16724 0 ,16828,NA,ERR_VECTOR,21,FALSE
GrupoD,kal50,22, 16 48 0 16984 0 ,17048,NA,ERR_FUNCTION,22,TRUE
GrupoD,kal51,0, 52 317 0 0 0 ,369,NA,ERR_FUNCTION,22,FALSE
GrupoD,kal52,0, 30 275 0 0 0 ,305,NA,ERR_STRING_TO_X,31,FALSE
GrupoD,kal53,0, 30 277 0 0 0 ,307,NA,ERR_STRING_TO_X,31,FALSE
GrupoD,kal54,0, 30 279 0 0 0 ,309,NA,ERR_STRING_TO_X,31,FALSE
GrupoD,kal55,1,-1,-1,"ERROR: line 4 - syntax error, unexpected TK_LIT_CHAR ",ERR_STRING_TO_X,31,FALSE
GrupoD,kal56,0, 30 268 0 0 0 ,298,NA,ERR_CHAR_TO_X,32,FALSE
GrupoD,kal57,0, 30 270 0 0 0 ,300,NA,ERR_CHAR_TO_X,32,FALSE
GrupoD,kal58,0, 30 271 0 0 0 ,301,NA,ERR_CHAR_TO_X,32,FALSE
GrupoD,kal59,1,-1,-1,"ERROR: line 4 - syntax error, unexpected TK_LIT_STRING ",ERR_CHAR_TO_X,32,FALSE
GrupoD,kal60,1,-1,-1,"ERROR: line 4 - syntax error, unexpected TK_LIT_STRING ",ERR_STRING_SIZE,33,FALSE
GrupoD,kal61,1,-1,-1,"ERROR: line 3 - syntax error, unexpected TK_LIT_STRING ",0,0,FALSE
GrupoD,kal62,41, 16 48 0 17088 0 ,17152,NA,ERR_EXCESS_ARGS,41,TRUE
GrupoD,kal63,41, 48 52 0 17242 0 ,17342,NA,ERR_EXCESS_ARGS,41,TRUE
GrupoD,kal64,40, 48 52 0 16966 0 ,17066,NA,ERR_MISSING_ARGS,40,TRUE
GrupoD,kal65,40, 48 52 0 17156 0 ,17256,NA,ERR_MISSING_ARGS,40,TRUE
GrupoD,kal66,42, 48 52 0 17104 0 ,17204,NA,ERR_WRONG_TYPE_ARGS,42,TRUE
GrupoD,kal67,42, 48 52 0 17104 0 ,17204,NA,ERR_WRONG_TYPE_ARGS,42,TRUE
GrupoD,kal68,1,-1,-1,"ERROR: line 4 - syntax error, unexpected TK_LIT_STRING, expecting ) ",ERR_WRONG_TYPE_ARGS,42,FALSE
GrupoD,kal69,1,-1,-1,"ERROR: line 4 - syntax error, unexpected TK_LIT_CHAR, expecting ) ",ERR_WRONG_TYPE_ARGS,42,FALSE
GrupoD,kal70,0, 96 288 0 0 0 ,384,NA,0,0,TRUE
GrupoD,kal71,0, 128 378 0 0 0 ,506,NA,0,0,TRUE
GrupoD,kal72,1,-1,-1,"ERROR: line 4 - syntax error, unexpected TK_LIT_CHAR ",ERR_WRONG_TYPE_ARGS,42,FALSE
GrupoD,kal73,1,-1,-1,"ERROR: line 4 - syntax error, unexpected TK_LIT_STRING ",ERR_WRONG_TYPE,30,FALSE
GrupoD,kal74,1,-1,-1,"ERROR: line 4 - syntax error, unexpected TK_LIT_STRING ",ERR_WRONG_TYPE,30,FALSE
GrupoD,kal75,50, 0 0 0 16842 0 ,16842,NA,ERR_WRONG_PAR_INPUT,50,TRUE
GrupoD,kal76,50, 0 0 0 16842 0 ,16842,NA,ERR_WRONG_PAR_INPUT,50,TRUE
GrupoD,kal77,50, 0 0 0 16842 0 ,16842,NA,ERR_WRONG_PAR_INPUT,50,TRUE
GrupoD,kal78,0, 63 168 0 0 0 ,231,NA,0,0,TRUE
GrupoD,kal79,0, 63 168 0 0 0 ,231,NA,0,0,TRUE
GrupoD,kal80,0, 64 168 0 0 0 ,232,NA,0,0,TRUE
GrupoD,kal81,0, 64 168 0 0 0 ,232,NA,0,0,TRUE
GrupoD,kal82,0, 30 166 0 0 0 ,196,NA,0,0,TRUE
GrupoD,kal83,0, 30 168 0 0 0 ,198,NA,0,0,TRUE
GrupoD,kal84,51, 0 0 0 17095 0 ,17095,NA,ERR_WRONG_PAR_OUTPUT,51,TRUE
GrupoD,kal85,51, 0 0 0 17078 0 ,17078,NA,ERR_WRONG_PAR_OUTPUT,51,TRUE
GrupoD,kal86,51, 0 0 0 17112 0 ,17112,NA,ERR_WRONG_PAR_OUTPUT,51,TRUE
GrupoD,kal87,52, 0 0 0 17095 0 ,17095,NA,ERR_WRONG_PAR_RETURN,52,TRUE
GrupoD,kal88,1,-1,-1,"ERROR: line 4 - syntax error, unexpected TK_LIT_CHAR ",ERR_WRONG_PAR_RETURN,52,FALSE
GrupoD,kal89,0, 57 118 0 0 0 ,175,NA,0,0,TRUE
GrupoD,kal90,0, 57 118 0 0 0 ,175,NA,0,0,TRUE
GrupoD,kal91,0, 57 118 0 0 0 ,175,NA,0,0,TRUE
GrupoD,kal92,0, 57 118 0 0 0 ,175,NA,0,0,TRUE
GrupoD,kal93,0, 57 118 0 0 0 ,175,NA,0,0,TRUE
GrupoD,kal94,0, 23 118 0 0 0 ,141,NA,0,0,TRUE
GrupoD,kal95,0, 62 168 0 0 0 ,230,NA,0,0,TRUE
GrupoD,kal96,0, 62 168 0 0 0 ,230,NA,0,0,TRUE
GrupoD,kal97,53, 0 0 0 16911 0 ,16911,NA,ERR_WRONG_PAR_SHIFT,53,TRUE
GrupoD,kal98,53, 0 0 0 16911 0 ,16911,NA,ERR_WRONG_PAR_SHIFT,53,TRUE
GrupoD,kal99,1,-1,-1,"ERROR: line 4 - syntax error, unexpected TK_LIT_CHAR ",ERR_CHAR_TO_X,32,FALSE
GrupoD,mao01,0, 100 329 0 0 0 ,429,NA,ERR_WRONG_TYPE,30,FALSE
GrupoD,mao02,1,-1,-1,"ERROR: line 4 - syntax error, unexpected TK_LIT_CHAR ",ERR_WRONG_TYPE,30,FALSE
GrupoD,mao03,0, 136 381 0 0 0 ,517,NA,ERR_WRONG_TYPE,30,FALSE
GrupoD,mao04,1,-1,-1,"ERROR: line 4 - syntax error, unexpected TK_LIT_CHAR ",ERR_WRONG_TYPE,30,FALSE
GrupoD,mao05,0, 165 324 0 0 0 ,489,NA,0,0,TRUE
GrupoD,mao06,0, 201 376 0 0 0 ,577,NA,0,0,TRUE
GrupoD,mao07,0, 237 428 0 0 0 ,665,NA,0,0,TRUE
GrupoD,mao08,1,-1,-1,"ERROR: line 2 - syntax error, unexpected TK_LIT_STRING ",ERR_STRING_TO_X,31,FALSE
GrupoD,mao09,1,-1,-1,"ERROR: line 2 - syntax error, unexpected TK_LIT_STRING ",ERR_WRONG_TYPE,30,FALSE
GrupoF,kal00,31, 52 194 0 18034 0 ,18280,NA,ERR_STRING_TO_X,31,TRUE
GrupoF,kal01,0, 48 155 0 132 0 ,335,NA,0,0,TRUE
GrupoF,kal02,0, 48 166 0 132 0 ,346,NA,0,0,TRUE
GrupoF,kal03,0, 48 158 0 132 0 ,338,NA,0,0,TRUE
GrupoF,kal04,0, 48 155 0 132 0 ,335,NA,0,0,TRUE
GrupoF,kal05,0, 68 154 0 132 0 ,354,NA,0,0,TRUE
GrupoF,kal06,10, 0 0 0 17197 0 ,17197,NA,ERR_UNDECLARED,10,TRUE
GrupoF,kal07,10, 0 0 0 17212 0 ,17212,NA,ERR_UNDECLARED,10,TRUE
GrupoF,kal08,10, 0 0 0 17206 0 ,17206,NA,ERR_UNDECLARED,10,TRUE
GrupoF,kal09,10, 0 0 0 17197 0 ,17197,NA,ERR_UNDECLARED,10,TRUE
GrupoF,kal10,10, 20 0 0 17195 0 ,17215,NA,ERR_UNDECLARED,10,TRUE
GrupoF,kal11,0, 48 229 0 132 0 ,409,NA,0,0,TRUE
GrupoF,kal12,0, 48 240 0 132 0 ,420,NA,0,0,TRUE
GrupoF,kal13,0, 48 233 0 132 0 ,413,NA,0,0,TRUE
GrupoF,kal14,0, 48 229 0 132 0 ,409,NA,0,0,TRUE
GrupoF,kal15,139,-1,-1,Segmentation fault,ERR_UNDECLARED,10,FALSE
GrupoF,kal16,139,-1,-1,Segmentation fault,ERR_UNDECLARED,10,FALSE
GrupoF,kal17,139,-1,-1,Segmentation fault,ERR_UNDECLARED,10,FALSE
GrupoF,kal18,139,-1,-1,Segmentation fault,ERR_UNDECLARED,10,FALSE
GrupoF,kal19,10, 32 23 0 16926 0 ,16981,NA,ERR_UNDECLARED,10,TRUE
GrupoF,kal20,10, 32 23 0 16926 0 ,16981,NA,ERR_UNDECLARED,10,TRUE
GrupoF,kal21,10, 32 23 0 16926 0 ,16981,NA,ERR_UNDECLARED,10,TRUE
GrupoF,kal22,10, 32 23 0 16926 0 ,16981,NA,ERR_UNDECLARED,10,TRUE
GrupoF,kal23,10, 32 23 0 16926 0 ,16981,NA,ERR_UNDECLARED,10,TRUE
GrupoF,kal24,10, 32 23 0 16926 0 ,16981,NA,ERR_UNDECLARED,10,TRUE
GrupoF,kal25,10, 32 23 0 16926 0 ,16981,NA,ERR_UNDECLARED,10,TRUE
GrupoF,kal26,10, 32 23 0 16926 0 ,16981,NA,ERR_UNDECLARED,10,TRUE
GrupoF,kal27,10, 32 23 0 16926 0 ,16981,NA,ERR_UNDECLARED,10,TRUE
GrupoF,kal28,10, 32 23 0 16926 0 ,16981,NA,ERR_UNDECLARED,10,TRUE
GrupoF,kal29,11, 16 0 0 16826 0 ,16842,NA,ERR_DECLARED,11,TRUE
GrupoF,kal30,0, 48 155 0 132 0 ,335,NA,0,0,TRUE
GrupoF,kal31,11, 0 0 0 17157 0 ,17157,NA,ERR_DECLARED,11,TRUE
GrupoF,kal32,0, 32 270 0 58 0 ,360,NA,0,0,TRUE
GrupoF,kal33,11, 0 0 0 17448 0 ,17448,NA,ERR_DECLARED,11,TRUE
GrupoF,kal34,0, 48 270 0 132 0 ,450,NA,0,0,TRUE
GrupoF,kal35,0, 48 500 0 132 0 ,680,NA,0,0,TRUE
GrupoF,kal36,11, 48 198 0 18224 0 ,18470,NA,ERR_DECLARED,11,TRUE
GrupoF,kal37,10, 0 0 0 17542 0 ,17542,NA,ERR_UNDECLARED,10,TRUE
GrupoF,kal38,10, 0 0 0 17542 0 ,17542,NA,ERR_UNDECLARED,10,TRUE
GrupoF,kal39,0, 32 368 0 58 0 ,458,NA,0,0,TRUE
GrupoF,kal40,0, 48 385 0 132 0 ,565,NA,0,0,TRUE
GrupoF,kal41,0, 48 311 0 132 0 ,491,NA,0,0,TRUE
GrupoF,kal42,0, 64 333 0 132 0 ,529,NA,0,0,TRUE
GrupoF,kal43,10, 32 194 0 17100 0 ,17326,NA,ERR_UNDECLARED,10,TRUE
GrupoF,kal44,0, 48 385 0 132 0 ,565,NA,0,0,TRUE
GrupoF,kal45,139,-1,-1,Segmentation fault,ERR_UNDECLARED,10,FALSE
GrupoF,kal46,20, 48 82 0 17278 0 ,17408,NA,ERR_VARIABLE,20,TRUE
GrupoF,kal47,20, 48 23 0 17118 0 ,17189,NA,ERR_VARIABLE,20,TRUE
GrupoF,kal48,21, 48 23 0 17286 0 ,17357,NA,ERR_VECTOR,21,TRUE
GrupoF,kal49,21, 48 23 0 17294 0 ,17365,NA,ERR_VECTOR,21,TRUE
GrupoF,kal50,22, 64 104 0 17571 0 ,17739,NA,ERR_FUNCTION,22,TRUE
GrupoF,kal51,22, 64 163 0 17739 0 ,17966,NA,ERR_FUNCTION,22,TRUE
GrupoF,kal52,30, 20 0 0 17780 0 ,17800,NA,ERR_STRING_TO_X,31,FALSE
GrupoF,kal53,30, 20 0 0 17795 0 ,17815,NA,ERR_STRING_TO_X,31,FALSE
GrupoF,kal54,30, 20 0 0 17792 0 ,17812,NA,ERR_STRING_TO_X,31,FALSE
GrupoF,kal55,30, 20 0 0 17780 0 ,17800,NA,ERR_STRING_TO_X,31,FALSE
GrupoF,kal56,30, 0 0 0 17750 0 ,17750,NA,ERR_CHAR_TO_X,32,FALSE
GrupoF,kal57,30, 0 0 0 17765 0 ,17765,NA,ERR_CHAR_TO_X,32,FALSE
GrupoF,kal58,30, 0 0 0 17759 0 ,17759,NA,ERR_CHAR_TO_X,32,FALSE
GrupoF,kal59,30, 20 0 0 17780 0 ,17800,NA,ERR_CHAR_TO_X,32,FALSE
GrupoF,kal60,139,-1,-1,Segmentation fault,ERR_STRING_SIZE,33,FALSE
GrupoF,kal61,0, 92 388 0 58 0 ,538,NA,0,0,TRUE
GrupoF,kal62,41, 64 162 0 17687 0 ,17913,NA,ERR_EXCESS_ARGS,41,TRUE
GrupoF,kal63,41, 64 252 0 17987 0 ,18303,NA,ERR_EXCESS_ARGS,41,TRUE
GrupoF,kal64,40, 64 120 0 17713 0 ,17897,NA,ERR_MISSING_ARGS,40,TRUE
GrupoF,kal65,40, 64 194 0 18013 0 ,18271,NA,ERR_MISSING_ARGS,40,TRUE
GrupoF,kal66,42, 64 178 0 17821 0 ,18063,NA,ERR_WRONG_TYPE_ARGS,42,TRUE
GrupoF,kal67,42, 64 178 0 17821 0 ,18063,NA,ERR_WRONG_TYPE_ARGS,42,TRUE
GrupoF,kal68,42, 84 185 0 17844 0 ,18113,NA,ERR_WRONG_TYPE_ARGS,42,TRUE
GrupoF,kal69,42, 64 178 0 17821 0 ,18063,NA,ERR_WRONG_TYPE_ARGS,42,TRUE
GrupoF,kal70,0, 64 263 0 206 0 ,533,NA,0,0,TRUE
GrupoF,kal71,42, 64 283 0 18191 0 ,18538,NA,0,0,FALSE
GrupoF,kal72,42, 64 373 0 18552 0 ,18989,NA,ERR_WRONG_TYPE_ARGS,42,TRUE
GrupoF,kal73,30, 20 0 0 17419 0 ,17439,NA,ERR_WRONG_TYPE,30,TRUE
GrupoF,kal74,139,-1,-1,Segmentation fault,ERR_WRONG_TYPE,30,FALSE
GrupoF,kal75,50, 32 23 0 17094 0 ,17149,NA,ERR_WRONG_PAR_INPUT,50,TRUE
GrupoF,kal76,50, 32 23 0 17094 0 ,17149,NA,ERR_WRONG_PAR_INPUT,50,TRUE
GrupoF,kal77,50, 32 23 0 17094 0 ,17149,NA,ERR_WRONG_PAR_INPUT,50,TRUE
GrupoF,kal78,50, 32 23 0 17094 0 ,17149,NA,0,0,FALSE
GrupoF,kal79,50, 32 23 0 17094 0 ,17149,NA,0,0,FALSE
GrupoF,kal80,51, 32 23 0 17094 0 ,17149,NA,0,0,FALSE
GrupoF,kal81,51, 32 23 0 17094 0 ,17149,NA,0,0,FALSE
GrupoF,kal82,139,-1,-1,Segmentation fault,0,0,FALSE
GrupoF,kal83,139,-1,-1,Segmentation fault,0,0,FALSE
GrupoF,kal84,51, 52 104 0 17404 0 ,17560,NA,ERR_WRONG_PAR_OUTPUT,51,TRUE
GrupoF,kal85,21, 32 23 0 17213 0 ,17268,NA,ERR_WRONG_PAR_OUTPUT,51,FALSE
GrupoF,kal86,51, 32 101 0 17502 0 ,17635,NA,ERR_WRONG_PAR_OUTPUT,51,TRUE
GrupoF,kal87,52, 52 104 0 17404 0 ,17560,NA,ERR_WRONG_PAR_RETURN,52,TRUE
GrupoF,kal88,52, 32 97 0 17494 0 ,17623,NA,ERR_WRONG_PAR_RETURN,52,TRUE
GrupoF,kal89,0, 32 81 0 58 0 ,171,NA,0,0,TRUE
GrupoF,kal90,0, 32 81 0 58 0 ,171,NA,0,0,TRUE
GrupoF,kal91,0, 32 81 0 58 0 ,171,NA,0,0,TRUE
GrupoF,kal92,0, 32 81 0 58 0 ,171,NA,0,0,TRUE
GrupoF,kal93,0, 32 81 0 58 0 ,171,NA,0,0,TRUE
GrupoF,kal94,0, 32 92 0 58 0 ,182,NA,0,0,TRUE
GrupoF,kal95,0, 32 155 0 58 0 ,245,NA,0,0,TRUE
GrupoF,kal96,0, 32 155 0 58 0 ,245,NA,0,0,TRUE
GrupoF,kal97,53, 32 23 0 17157 0 ,17212,NA,ERR_WRONG_PAR_SHIFT,53,TRUE
GrupoF,kal98,53, 32 23 0 17157 0 ,17212,NA,ERR_WRONG_PAR_SHIFT,53,TRUE
GrupoF,kal99,32, 32 245 0 18066 0 ,18343,NA,ERR_CHAR_TO_X,32,TRUE
GrupoF,mao01,30, 20 0 0 18326 0 ,18346,NA,ERR_WRONG_TYPE,30,TRUE
GrupoF,mao02,30, 0 0 0 18409 0 ,18409,NA,ERR_WRONG_TYPE,30,TRUE
GrupoF,mao03,30, 20 0 0 18752 0 ,18772,NA,ERR_WRONG_TYPE,30,TRUE
GrupoF,mao04,30, 0 0 0 18835 0 ,18835,NA,ERR_WRONG_TYPE,30,TRUE
GrupoF,mao05,0, 32 377 0 58 0 ,467,NA,0,0,TRUE
GrupoF,mao06,0, 32 451 0 58 0 ,541,NA,0,0,TRUE
GrupoF,mao07,0, 32 525 0 58 0 ,615,NA,0,0,TRUE
GrupoF,mao08,31, 84 185 0 18353 0 ,18622,NA,ERR_STRING_TO_X,31,TRUE
GrupoF,mao09,30, 52 88 0 18122 0 ,18262,NA,ERR_WRONG_TYPE,30,TRUE
GrupoG,kal00,0, 41 16 0 0 0 ,57,NA,ERR_STRING_TO_X,31,FALSE
GrupoG,kal01,0, 58 44 0 0 0 ,102,NA,0,0,TRUE
GrupoG,kal02,0, 58 44 0 0 0 ,102,NA,0,0,TRUE
GrupoG,kal03,0, 61 44 0 0 0 ,105,NA,0,0,TRUE
GrupoG,kal04,0, 58 44 0 0 0 ,102,NA,0,0,TRUE
GrupoG,kal05,33, 34 28 0 19126 0 ,19188,NA,0,0,FALSE
GrupoG,kal06,10, 0 0 0 19070 0 ,19070,NA,ERR_UNDECLARED,10,TRUE
GrupoG,kal07,10, 0 0 0 19070 0 ,19070,NA,ERR_UNDECLARED,10,TRUE
GrupoG,kal08,10, 0 0 0 19079 0 ,19079,NA,ERR_UNDECLARED,10,TRUE
GrupoG,kal09,10, 0 0 0 19070 0 ,19070,NA,ERR_UNDECLARED,10,TRUE
GrupoG,kal10,10, 0 0 0 19068 0 ,19068,NA,ERR_UNDECLARED,10,TRUE
GrupoG,kal11,0, 127 196 0 0 0 ,323,NA,0,0,TRUE
GrupoG,kal12,0, 127 196 0 0 0 ,323,NA,0,0,TRUE
GrupoG,kal13,0, 131 196 0 0 0 ,327,NA,0,0,TRUE
GrupoG,kal14,0, 127 196 0 0 0 ,323,NA,0,0,TRUE
GrupoG,kal15,10, 0 0 0 19071 0 ,19071,NA,ERR_UNDECLARED,10,TRUE
GrupoG,kal16,10, 0 0 0 19071 0 ,19071,NA,ERR_UNDECLARED,10,TRUE
GrupoG,kal17,10, 0 0 0 19071 0 ,19071,NA,ERR_UNDECLARED,10,TRUE
GrupoG,kal18,10, 0 0 0 19071 0 ,19071,NA,ERR_UNDECLARED,10,TRUE
GrupoG,kal19,10, 0 0 0 18833 0 ,18833,NA,ERR_UNDECLARED,10,TRUE
GrupoG,kal20,10, 0 0 0 18833 0 ,18833,NA,ERR_UNDECLARED,10,TRUE
GrupoG,kal21,10, 0 0 0 18833 0 ,18833,NA,ERR_UNDECLARED,10,TRUE
GrupoG,kal22,10, 0 0 0 18833 0 ,18833,NA,ERR_UNDECLARED,10,TRUE
GrupoG,kal23,10, 0 0 0 18833 0 ,18833,NA,ERR_UNDECLARED,10,TRUE
GrupoG,kal24,10, 0 0 0 18833 0 ,18833,NA,ERR_UNDECLARED,10,TRUE
GrupoG,kal25,10, 0 0 0 18833 0 ,18833,NA,ERR_UNDECLARED,10,TRUE
GrupoG,kal26,10, 0 0 0 18833 0 ,18833,NA,ERR_UNDECLARED,10,TRUE
GrupoG,kal27,10, 0 0 0 18833 0 ,18833,NA,ERR_UNDECLARED,10,TRUE
GrupoG,kal28,10, 0 0 0 18833 0 ,18833,NA,ERR_UNDECLARED,10,TRUE
GrupoG,kal29,11, 34 26 0 17716 0 ,17776,NA,ERR_DECLARED,11,TRUE
GrupoG,kal30,0, 56 44 0 0 0 ,100,NA,0,0,TRUE
GrupoG,kal31,11, 2 0 0 18852 0 ,18854,NA,ERR_DECLARED,11,TRUE
GrupoG,kal32,0, 24 32 0 0 0 ,56,NA,0,0,TRUE
GrupoG,kal33,11, 4 0 0 20046 0 ,20050,NA,ERR_DECLARED,11,TRUE
GrupoG,kal34,0, 58 60 0 0 0 ,118,NA,0,0,TRUE
GrupoG,kal35,0, 62 92 0 0 0 ,154,NA,0,0,TRUE
GrupoG,kal36,11, 56 44 0 20106 0 ,20206,NA,ERR_DECLARED,11,TRUE
GrupoG,kal37,10, 0 0 0 22478 0 ,22478,NA,ERR_UNDECLARED,10,TRUE
GrupoG,kal38,10, 0 0 0 22478 0 ,22478,NA,ERR_UNDECLARED,10,TRUE
GrupoG,kal39,0, 26 64 0 0 0 ,90,NA,0,0,TRUE
GrupoG,kal40,0, 61 92 0 0 0 ,153,NA,0,0,TRUE
GrupoG,kal41,0, 59 92 0 0 0 ,151,NA,0,0,TRUE
GrupoG,kal42,0, 42 64 0 0 0 ,106,NA,0,0,TRUE
GrupoG,kal43,10, 0 0 0 22241 0 ,22241,NA,ERR_UNDECLARED,10,TRUE
GrupoG,kal44,0, 128 244 0 0 0 ,372,NA,0,0,TRUE
GrupoG,kal45,10, 0 0 0 22479 0 ,22479,NA,ERR_UNDECLARED,10,TRUE
GrupoG,kal46,20, 34 28 0 19132 0 ,19194,NA,ERR_VARIABLE,20,TRUE
GrupoG,kal47,20, 34 28 0 18891 0 ,18953,NA,ERR_VARIABLE,20,TRUE
GrupoG,kal48,0, 94 72 0 0 0 ,166,NA,ERR_VECTOR,21,FALSE
GrupoG,kal49,21, 70 56 0 18951 0 ,19077,NA,ERR_VECTOR,21,TRUE
GrupoG,kal50,0, 44 16 0 0 0 ,60,NA,ERR_FUNCTION,22,FALSE
GrupoG,kal51,22, 18 0 0 19355 0 ,19373,NA,ERR_FUNCTION,22,TRUE
GrupoG,kal52,30, 2 0 0 19462 0 ,19464,NA,ERR_STRING_TO_X,31,FALSE
GrupoG,kal53,30, 2 0 0 19468 0 ,19470,NA,ERR_STRING_TO_X,31,FALSE
GrupoG,kal54,30, 2 0 0 19474 0 ,19476,NA,ERR_STRING_TO_X,31,FALSE
GrupoG,kal55,30, 2 0 0 19462 0 ,19464,NA,ERR_STRING_TO_X,31,FALSE
GrupoG,kal56,30, 2 0 0 19432 0 ,19434,NA,ERR_CHAR_TO_X,32,FALSE
GrupoG,kal57,30, 2 0 0 19438 0 ,19440,NA,ERR_CHAR_TO_X,32,FALSE
GrupoG,kal58,30, 2 0 0 19441 0 ,19443,NA,ERR_CHAR_TO_X,32,FALSE
GrupoG,kal59,30, 2 0 0 19462 0 ,19464,NA,ERR_CHAR_TO_X,32,FALSE
GrupoG,kal60,0, 11 0 0 19636 0 ,19647,NA,ERR_STRING_SIZE,33,FALSE
GrupoG,kal61,0, 11 0 0 19689 0 ,19700,NA,0,0,TRUE
GrupoG,kal62,41, 18 0 0 19328 0 ,19346,NA,ERR_EXCESS_ARGS,41,TRUE
GrupoG,kal63,41, 22 0 0 19504 0 ,19526,NA,ERR_EXCESS_ARGS,41,TRUE
GrupoG,kal64,40, 22 0 0 19140 0 ,19162,NA,ERR_MISSING_ARGS,40,TRUE
GrupoG,kal65,40, 26 0 0 19316 0 ,19342,NA,ERR_MISSING_ARGS,40,TRUE
GrupoG,kal66,42, 22 0 0 19354 0 ,19376,NA,ERR_WRONG_TYPE_ARGS,42,TRUE
GrupoG,kal67,42, 22 0 0 19354 0 ,19376,NA,ERR_WRONG_TYPE_ARGS,42,TRUE
GrupoG,kal68,42, 22 0 0 19384 0 ,19406,NA,ERR_WRONG_TYPE_ARGS,42,TRUE
GrupoG,kal69,42, 22 0 0 19354 0 ,19376,NA,ERR_WRONG_TYPE_ARGS,42,TRUE
GrupoG,kal70,0, 74 18 0 0 0 ,92,NA,0,0,TRUE
GrupoG,kal71,42, 26 0 0 19548 0 ,19574,NA,0,0,FALSE
GrupoG,kal72,42, 32 0 0 19789 0 ,19821,NA,ERR_WRONG_TYPE_ARGS,42,TRUE
GrupoG,kal73,30, 2 0 0 19158 0 ,19160,NA,ERR_WRONG_TYPE,30,TRUE
GrupoG,kal74,30, 103 180 0 19275 0 ,19558,NA,ERR_WRONG_TYPE,30,TRUE
GrupoG,kal75,50, 2 0 0 18982 0 ,18984,NA,ERR_WRONG_PAR_INPUT,50,TRUE
GrupoG,kal76,50, 2 0 0 18982 0 ,18984,NA,ERR_WRONG_PAR_INPUT,50,TRUE
GrupoG,kal77,50, 2 0 0 18982 0 ,18984,NA,ERR_WRONG_PAR_INPUT,50,TRUE
GrupoG,kal78,0, 24 16 0 0 0 ,40,NA,0,0,TRUE
GrupoG,kal79,0, 24 16 0 0 0 ,40,NA,0,0,TRUE
GrupoG,kal80,0, 24 16 0 0 0 ,40,NA,0,0,TRUE
GrupoG,kal81,0, 24 16 0 0 0 ,40,NA,0,0,TRUE
GrupoG,kal82,0, 22 16 0 0 0 ,38,NA,0,0,TRUE
GrupoG,kal83,0, 24 16 0 0 0 ,40,NA,0,0,TRUE
GrupoG,kal84,51, 2 0 0 19317 0 ,19319,NA,ERR_WRONG_PAR_OUTPUT,51,TRUE
GrupoG,kal85,11, 0 0 0 19098 0 ,19098,NA,ERR_WRONG_PAR_OUTPUT,51,FALSE
GrupoG,kal86,51, 8 0 0 19267 0 ,19275,NA,ERR_WRONG_PAR_OUTPUT,51,TRUE
GrupoG,kal87,52, 18 0 0 18122 0 ,18140,NA,ERR_WRONG_PAR_RETURN,52,TRUE
GrupoG,kal88,52, 22 0 0 18069 0 ,18091,NA,ERR_WRONG_PAR_RETURN,52,TRUE
GrupoG,kal89,52, 18 0 0 17821 0 ,17839,NA,0,0,FALSE
GrupoG,kal90,52, 18 0 0 17821 0 ,17839,NA,0,0,FALSE
GrupoG,kal91,52, 18 0 0 17821 0 ,17839,NA,0,0,FALSE
GrupoG,kal92,52, 18 0 0 17821 0 ,17839,NA,0,0,FALSE
GrupoG,kal93,52, 18 0 0 17821 0 ,17839,NA,0,0,FALSE
GrupoG,kal94,52, 16 0 0 17823 0 ,17839,NA,0,0,FALSE
GrupoG,kal95,0, 24 16 0 0 0 ,40,NA,0,0,TRUE
GrupoG,kal96,0, 24 16 0 0 0 ,40,NA,0,0,TRUE
GrupoG,kal97,53, 2 0 0 19097 0 ,19099,NA,ERR_WRONG_PAR_SHIFT,53,TRUE
GrupoG,kal98,53, 2 0 0 19097 0 ,19099,NA,ERR_WRONG_PAR_SHIFT,53,TRUE
GrupoG,kal99,0, 36 16 0 0 0 ,52,NA,ERR_CHAR_TO_X,32,FALSE
GrupoG,mao01,30, 6 0 0 19682 0 ,19688,NA,ERR_WRONG_TYPE,30,TRUE
GrupoG,mao02,30, 8 0 0 19624 0 ,19632,NA,ERR_WRONG_TYPE,30,TRUE
GrupoG,mao03,30, 10 0 0 19898 0 ,19908,NA,ERR_WRONG_TYPE,30,TRUE
GrupoG,mao04,30, 12 0 0 19840 0 ,19852,NA,ERR_WRONG_TYPE,30,TRUE
GrupoG,mao05,0, 36 16 0 0 0 ,52,NA,0,0,TRUE
GrupoG,mao06,0, 40 16 0 0 0 ,56,NA,0,0,TRUE
GrupoG,mao07,0, 44 16 0 0 0 ,60,NA,0,0,TRUE
GrupoG,mao08,0, 57 16 0 0 0 ,73,NA,ERR_STRING_TO_X,31,FALSE
GrupoG,mao09,30, 27 0 0 19348 0 ,19375,NA,ERR_WRONG_TYPE,30,TRUE
GrupoI,kal00,31, 32 4 0 17283 0 ,17319,NA,ERR_STRING_TO_X,31,TRUE
GrupoI,kal01,0, 32 136 0 132 0 ,300,NA,0,0,TRUE
GrupoI,kal02,0, 32 143 0 132 0 ,307,NA,0,0,TRUE
GrupoI,kal03,0, 32 130 0 132 0 ,294,NA,0,0,TRUE
GrupoI,kal04,0, 32 127 0 132 0 ,291,NA,0,0,TRUE
GrupoI,kal05,0, 32 127 0 132 0 ,291,NA,0,0,TRUE
GrupoI,kal06,10, 0 0 0 16851 0 ,16851,NA,ERR_UNDECLARED,10,TRUE
GrupoI,kal07,10, 0 0 0 16858 0 ,16858,NA,ERR_UNDECLARED,10,TRUE
GrupoI,kal08,10, 0 0 0 16845 0 ,16845,NA,ERR_UNDECLARED,10,TRUE
GrupoI,kal09,10, 0 0 0 16842 0 ,16842,NA,ERR_UNDECLARED,10,TRUE
GrupoI,kal10,10, 0 0 0 16844 0 ,16844,NA,ERR_UNDECLARED,10,TRUE
GrupoI,kal11,0, 48 203 0 132 0 ,383,NA,0,0,TRUE
GrupoI,kal12,0, 48 210 0 132 0 ,390,NA,0,0,TRUE
GrupoI,kal13,0, 48 198 0 132 0 ,378,NA,0,0,TRUE
GrupoI,kal14,0, 48 194 0 132 0 ,374,NA,0,0,TRUE
GrupoI,kal15,10, 0 0 0 17065 0 ,17065,NA,ERR_UNDECLARED,10,TRUE
GrupoI,kal16,10, 0 0 0 17072 0 ,17072,NA,ERR_UNDECLARED,10,TRUE
GrupoI,kal17,10, 0 0 0 17060 0 ,17060,NA,ERR_UNDECLARED,10,TRUE
GrupoI,kal18,10, 0 0 0 17056 0 ,17056,NA,ERR_UNDECLARED,10,TRUE
GrupoI,kal19,10, 0 0 0 16640 0 ,16640,NA,ERR_UNDECLARED,10,TRUE
GrupoI,kal20,10, 0 0 0 16640 0 ,16640,NA,ERR_UNDECLARED,10,TRUE
GrupoI,kal21,10, 0 0 0 16640 0 ,16640,NA,ERR_UNDECLARED,10,TRUE
GrupoI,kal22,10, 0 0 0 16640 0 ,16640,NA,ERR_UNDECLARED,10,TRUE
GrupoI,kal23,10, 0 0 0 16640 0 ,16640,NA,ERR_UNDECLARED,10,TRUE
GrupoI,kal24,10, 0 0 0 16640 0 ,16640,NA,ERR_UNDECLARED,10,TRUE
GrupoI,kal25,10, 0 0 0 16640 0 ,16640,NA,ERR_UNDECLARED,10,TRUE
GrupoI,kal26,10, 0 0 0 16640 0 ,16640,NA,ERR_UNDECLARED,10,TRUE
GrupoI,kal27,10, 0 0 0 16640 0 ,16640,NA,ERR_UNDECLARED,10,TRUE
GrupoI,kal28,10, 0 0 0 16640 0 ,16640,NA,ERR_UNDECLARED,10,TRUE
GrupoI,kal29,11, 16 2 0 16608 0 ,16626,NA,ERR_DECLARED,11,TRUE
GrupoI,kal30,0, 48 129 0 132 0 ,309,NA,0,0,TRUE
GrupoI,kal31,11, 0 0 0 16718 0 ,16718,NA,ERR_DECLARED,11,TRUE
GrupoI,kal32,0, 48 203 0 74 0 ,325,NA,0,0,TRUE
GrupoI,kal33,11, 0 0 0 16810 0 ,16810,NA,ERR_DECLARED,11,TRUE
GrupoI,kal34,0, 64 205 0 132 0 ,401,NA,0,0,TRUE
GrupoI,kal35,0, 96 357 0 132 0 ,585,NA,0,0,TRUE
GrupoI,kal36,11, 64 138 0 16868 0 ,17070,NA,ERR_DECLARED,11,TRUE
GrupoI,kal37,10, 0 0 0 16899 0 ,16899,NA,ERR_UNDECLARED,10,TRUE
GrupoI,kal38,10, 0 0 0 16899 0 ,16899,NA,ERR_UNDECLARED,10,TRUE
GrupoI,kal39,0, 32 242 0 74 0 ,348,NA,0,0,TRUE
GrupoI,kal40,0, 48 244 0 132 0 ,424,NA,0,0,TRUE
GrupoI,kal41,0, 32 184 0 132 0 ,348,NA,0,0,TRUE
GrupoI,kal42,0, 32 182 0 132 0 ,346,NA,0,0,TRUE
GrupoI,kal43,10, 0 0 0 16688 0 ,16688,NA,ERR_UNDECLARED,10,TRUE
GrupoI,kal44,0, 48 251 0 132 0 ,431,NA,0,0,TRUE
GrupoI,kal45,10, 0 0 0 17113 0 ,17113,NA,ERR_UNDECLARED,10,TRUE
GrupoI,kal46,20, 16 2 0 17123 0 ,17141,NA,ERR_VARIABLE,20,TRUE
GrupoI,kal47,20, 16 2 0 16698 0 ,16716,NA,ERR_VARIABLE,20,TRUE
GrupoI,kal48,21, 32 2 0 16909 0 ,16943,NA,ERR_VECTOR,21,TRUE
GrupoI,kal49,21, 32 2 0 16698 0 ,16732,NA,ERR_VECTOR,21,TRUE
GrupoI,kal50,22, 16 67 0 17134 0 ,17217,NA,ERR_FUNCTION,22,TRUE
GrupoI,kal51,22, 16 67 0 17348 0 ,17431,NA,ERR_FUNCTION,22,TRUE
GrupoI,kal52,30, 0 0 0 17214 0 ,17214,NA,ERR_STRING_TO_X,31,FALSE
GrupoI,kal53,30, 0 0 0 17221 0 ,17221,NA,ERR_STRING_TO_X,31,FALSE
GrupoI,kal54,30, 0 0 0 17209 0 ,17209,NA,ERR_STRING_TO_X,31,FALSE
GrupoI,kal55,30, 0 0 0 17205 0 ,17205,NA,ERR_STRING_TO_X,31,FALSE
GrupoI,kal56,30, 0 0 0 17188 0 ,17188,NA,ERR_CHAR_TO_X,32,FALSE
GrupoI,kal57,30, 0 0 0 17195 0 ,17195,NA,ERR_CHAR_TO_X,32,FALSE
GrupoI,kal58,30, 0 0 0 17182 0 ,17182,NA,ERR_CHAR_TO_X,32,FALSE
GrupoI,kal59,30, 0 0 0 17205 0 ,17205,NA,ERR_CHAR_TO_X,32,FALSE
GrupoI,kal60,33, 24 50 0 17364 0 ,17438,NA,ERR_STRING_SIZE,33,TRUE
GrupoI,kal61,0, 16 327 0 74 0 ,417,NA,0,0,TRUE
GrupoI,kal62,41, 16 67 0 17062 0 ,17145,NA,ERR_EXCESS_ARGS,41,TRUE
GrupoI,kal63,41, 32 127 0 17227 0 ,17386,NA,ERR_EXCESS_ARGS,41,TRUE
GrupoI,kal64,40, 32 127 0 16949 0 ,17108,NA,ERR_MISSING_ARGS,40,TRUE
GrupoI,kal65,40, 32 185 0 17132 0 ,17349,NA,ERR_MISSING_ARGS,40,TRUE
GrupoI,kal66,42, 32 127 0 17088 0 ,17247,NA,ERR_WRONG_TYPE_ARGS,42,TRUE
GrupoI,kal67,42, 32 127 0 17088 0 ,17247,NA,ERR_WRONG_TYPE_ARGS,42,TRUE
GrupoI,kal68,42, 32 127 0 17105 0 ,17264,NA,ERR_WRONG_TYPE_ARGS,42,TRUE
GrupoI,kal69,42, 32 127 0 17079 0 ,17238,NA,ERR_WRONG_TYPE_ARGS,42,TRUE
GrupoI,kal70,0, 48 268 0 158 0 ,474,NA,0,0,TRUE
GrupoI,kal71,0, 64 390 0 184 0 ,638,NA,0,0,TRUE
GrupoI,kal72,42, 64 249 0 17412 0 ,17725,NA,ERR_WRONG_TYPE_ARGS,42,TRUE
GrupoI,kal73,30, 16 2 0 16926 0 ,16944,NA,ERR_WRONG_TYPE,30,TRUE
GrupoI,kal74,30, 32 2 0 17140 0 ,17174,NA,ERR_WRONG_TYPE,30,TRUE
GrupoI,kal75,50, 16 2 0 16776 0 ,16794,NA,ERR_WRONG_PAR_INPUT,50,TRUE
GrupoI,kal76,50, 16 2 0 16776 0 ,16794,NA,ERR_WRONG_PAR_INPUT,50,TRUE
GrupoI,kal77,50, 16 2 0 16776 0 ,16794,NA,ERR_WRONG_PAR_INPUT,50,TRUE
GrupoI,kal78,0, 32 127 0 74 0 ,233,NA,0,0,TRUE
GrupoI,kal79,0, 32 127 0 74 0 ,233,NA,0,0,TRUE
GrupoI,kal80,0, 32 127 0 74 0 ,233,NA,0,0,TRUE
GrupoI,kal81,0, 32 127 0 74 0 ,233,NA,0,0,TRUE
GrupoI,kal82,0, 16 134 0 74 0 ,224,NA,0,0,TRUE
GrupoI,kal83,0, 16 141 0 74 0 ,231,NA,0,0,TRUE
GrupoI,kal84,51, 0 0 0 17082 0 ,17082,NA,ERR_WRONG_PAR_OUTPUT,51,TRUE
GrupoI,kal85,51, 0 0 0 17056 0 ,17056,NA,ERR_WRONG_PAR_OUTPUT,51,TRUE
GrupoI,kal86,51, 16 2 0 17057 0 ,17075,NA,ERR_WRONG_PAR_OUTPUT,51,TRUE
GrupoI,kal87,52, 0 0 0 17082 0 ,17082,NA,ERR_WRONG_PAR_RETURN,52,TRUE
GrupoI,kal88,52, 16 2 0 17053 0 ,17071,NA,ERR_WRONG_PAR_RETURN,52,TRUE
GrupoI,kal89,0, 32 60 0 74 0 ,166,NA,0,0,TRUE
GrupoI,kal90,0, 32 60 0 74 0 ,166,NA,0,0,TRUE
GrupoI,kal91,0, 32 60 0 74 0 ,166,NA,0,0,TRUE
GrupoI,kal92,0, 32 60 0 74 0 ,166,NA,0,0,TRUE
GrupoI,kal93,0, 32 60 0 74 0 ,166,NA,0,0,TRUE
GrupoI,kal94,0, 16 74 0 74 0 ,164,NA,0,0,TRUE
GrupoI,kal95,0, 32 127 0 74 0 ,233,NA,0,0,TRUE
GrupoI,kal96,0, 32 127 0 74 0 ,233,NA,0,0,TRUE
GrupoI,kal97,53, 16 2 0 16845 0 ,16863,NA,ERR_WRONG_PAR_SHIFT,53,TRUE
GrupoI,kal98,53, 16 2 0 16845 0 ,16863,NA,ERR_WRONG_PAR_SHIFT,53,TRUE
GrupoI,kal99,32, 48 6 0 17254 0 ,17308,NA,ERR_CHAR_TO_X,32,TRUE
GrupoI,mao01,30, 32 4 0 17411 0 ,17447,NA,ERR_WRONG_TYPE,30,TRUE
GrupoI,mao02,30, 48 6 0 17382 0 ,17436,NA,ERR_WRONG_TYPE,30,TRUE
GrupoI,mao03,30, 48 6 0 17615 0 ,17669,NA,ERR_WRONG_TYPE,30,TRUE
GrupoI,mao04,30, 64 8 0 17586 0 ,17658,NA,ERR_WRONG_TYPE,30,TRUE
GrupoI,mao05,0, 80 307 0 74 0 ,461,NA,0,0,TRUE
GrupoI,mao06,0, 96 367 0 74 0 ,537,NA,0,0,TRUE
GrupoI,mao07,0, 112 427 0 74 0 ,613,NA,0,0,TRUE
GrupoI,mao08,31, 48 78 0 17213 0 ,17339,NA,ERR_STRING_TO_X,31,TRUE
GrupoI,mao09,30, 32 76 0 17137 0 ,17245,NA,ERR_WRONG_TYPE,30,TRUE
GrupoJ,kal00,31, 0 0 0 17252 0 ,17252,NA,ERR_STRING_TO_X,31,TRUE
GrupoJ,kal01,0,no leaks are possible,0,NA,0,0,TRUE
GrupoJ,kal02,0,no leaks are possible,0,NA,0,0,TRUE
GrupoJ,kal03,0,no leaks are possible,0,NA,0,0,TRUE
GrupoJ,kal04,0,no leaks are possible,0,NA,0,0,TRUE
GrupoJ,kal05,0,no leaks are possible,0,NA,0,0,TRUE
GrupoJ,kal06,10, 0 0 0 16578 0 ,16578,NA,ERR_UNDECLARED,10,TRUE
GrupoJ,kal07,10, 0 0 0 16578 0 ,16578,NA,ERR_UNDECLARED,10,TRUE
GrupoJ,kal08,10, 0 0 0 16578 0 ,16578,NA,ERR_UNDECLARED,10,TRUE
GrupoJ,kal09,10, 0 0 0 16578 0 ,16578,NA,ERR_UNDECLARED,10,TRUE
GrupoJ,kal10,10, 0 0 0 16578 0 ,16578,NA,ERR_UNDECLARED,10,TRUE
GrupoJ,kal11,0,no leaks are possible,0,NA,0,0,TRUE
GrupoJ,kal12,0,no leaks are possible,0,NA,0,0,TRUE
GrupoJ,kal13,0,no leaks are possible,0,NA,0,0,TRUE
GrupoJ,kal14,0,no leaks are possible,0,NA,0,0,TRUE
GrupoJ,kal15,10, 0 0 0 16710 0 ,16710,NA,ERR_UNDECLARED,10,TRUE
GrupoJ,kal16,10, 0 0 0 16710 0 ,16710,NA,ERR_UNDECLARED,10,TRUE
GrupoJ,kal17,10, 0 0 0 16710 0 ,16710,NA,ERR_UNDECLARED,10,TRUE
GrupoJ,kal18,10, 0 0 0 16710 0 ,16710,NA,ERR_UNDECLARED,10,TRUE
GrupoJ,kal19,10, 0 0 0 16578 0 ,16578,NA,ERR_UNDECLARED,10,TRUE
GrupoJ,kal20,10, 0 0 0 16578 0 ,16578,NA,ERR_UNDECLARED,10,TRUE
GrupoJ,kal21,10, 0 0 0 16578 0 ,16578,NA,ERR_UNDECLARED,10,TRUE
GrupoJ,kal22,10, 0 0 0 16578 0 ,16578,NA,ERR_UNDECLARED,10,TRUE
GrupoJ,kal23,10, 0 0 0 16578 0 ,16578,NA,ERR_UNDECLARED,10,TRUE
GrupoJ,kal24,10, 0 0 0 16578 0 ,16578,NA,ERR_UNDECLARED,10,TRUE
GrupoJ,kal25,10, 0 0 0 16578 0 ,16578,NA,ERR_UNDECLARED,10,TRUE
GrupoJ,kal26,10, 0 0 0 16578 0 ,16578,NA,ERR_UNDECLARED,10,TRUE
GrupoJ,kal27,10, 0 0 0 16578 0 ,16578,NA,ERR_UNDECLARED,10,TRUE
GrupoJ,kal28,10, 0 0 0 16578 0 ,16578,NA,ERR_UNDECLARED,10,TRUE
GrupoJ,kal29,11, 0 0 0 16544 0 ,16544,NA,ERR_DECLARED,11,TRUE
GrupoJ,kal30,0,no leaks are possible,0,NA,0,0,TRUE
GrupoJ,kal31,11, 0 0 0 16630 0 ,16630,NA,ERR_DECLARED,11,TRUE
GrupoJ,kal32,0,no leaks are possible,0,NA,0,0,TRUE
GrupoJ,kal33,11, 0 0 0 16698 0 ,16698,NA,ERR_DECLARED,11,TRUE
GrupoJ,kal34,0,no leaks are possible,0,NA,0,0,TRUE
GrupoJ,kal35,0,no leaks are possible,0,NA,0,0,TRUE
GrupoJ,kal36,11, 0 0 0 16750 0 ,16750,NA,ERR_DECLARED,11,TRUE
GrupoJ,kal37,10, 0 0 0 16626 0 ,16626,NA,ERR_UNDECLARED,10,TRUE
GrupoJ,kal38,10, 0 0 0 16626 0 ,16626,NA,ERR_UNDECLARED,10,TRUE
GrupoJ,kal39,0,no leaks are possible,0,NA,0,0,TRUE
GrupoJ,kal40,0,no leaks are possible,0,NA,0,0,TRUE
GrupoJ,kal41,0,no leaks are possible,0,NA,0,0,TRUE
GrupoJ,kal42,0,no leaks are possible,0,NA,0,0,TRUE
GrupoJ,kal43,10, 0 0 0 16626 0 ,16626,NA,ERR_UNDECLARED,10,TRUE
GrupoJ,kal44,0,no leaks are possible,0,NA,0,0,TRUE
GrupoJ,kal45,10, 0 0 0 16758 0 ,16758,NA,ERR_UNDECLARED,10,TRUE
GrupoJ,kal46,20, 0 0 0 16762 0 ,16762,NA,ERR_VARIABLE,20,TRUE
GrupoJ,kal47,20, 0 0 0 16630 0 ,16630,NA,ERR_VARIABLE,20,TRUE
GrupoJ,kal48,21, 0 0 0 16690 0 ,16690,NA,ERR_VECTOR,21,TRUE
GrupoJ,kal49,21, 0 0 0 16690 0 ,16690,NA,ERR_VECTOR,21,TRUE
GrupoJ,kal50,22, 0 0 0 16832 0 ,16832,NA,ERR_FUNCTION,22,TRUE
GrupoJ,kal51,22, 0 0 0 16964 0 ,16964,NA,ERR_FUNCTION,22,TRUE
GrupoJ,kal52,30, 0 0 0 17116 0 ,17116,NA,ERR_STRING_TO_X,31,FALSE
GrupoJ,kal53,30, 0 0 0 17134 0 ,17134,NA,ERR_STRING_TO_X,31,FALSE
GrupoJ,kal54,30, 0 0 0 17110 0 ,17110,NA,ERR_STRING_TO_X,31,FALSE
GrupoJ,kal55,30, 0 0 0 17106 0 ,17106,NA,ERR_STRING_TO_X,31,FALSE
GrupoJ,kal56,30, 0 0 0 17089 0 ,17089,NA,ERR_CHAR_TO_X,32,FALSE
GrupoJ,kal57,30, 0 0 0 17107 0 ,17107,NA,ERR_CHAR_TO_X,32,FALSE
GrupoJ,kal58,30, 0 0 0 17083 0 ,17083,NA,ERR_CHAR_TO_X,32,FALSE
GrupoJ,kal59,30, 0 0 0 17106 0 ,17106,NA,ERR_CHAR_TO_X,32,FALSE
GrupoJ,kal60,33, 0 0 0 17267 0 ,17267,NA,ERR_STRING_SIZE,33,TRUE
GrupoJ,kal61,0,no leaks are possible,0,NA,0,0,TRUE
GrupoJ,kal62,40, 0 0 0 16964 0 ,16964,NA,ERR_EXCESS_ARGS,41,FALSE
GrupoJ,kal63,40, 0 0 0 17146 0 ,17146,NA,ERR_EXCESS_ARGS,41,FALSE
GrupoJ,kal64,40, 0 0 0 16882 0 ,16882,NA,ERR_MISSING_ARGS,40,TRUE
GrupoJ,kal65,40, 0 0 0 17064 0 ,17064,NA,ERR_MISSING_ARGS,40,TRUE
GrupoJ,kal66,42, 0 0 0 17014 0 ,17014,NA,ERR_WRONG_TYPE_ARGS,42,TRUE
GrupoJ,kal67,42, 0 0 0 17014 0 ,17014,NA,ERR_WRONG_TYPE_ARGS,42,TRUE
GrupoJ,kal68,42, 0 0 0 17031 0 ,17031,NA,ERR_WRONG_TYPE_ARGS,42,TRUE
GrupoJ,kal69,42, 0 0 0 17004 0 ,17004,NA,ERR_WRONG_TYPE_ARGS,42,TRUE
GrupoJ,kal70,0, 48 2 0 0 0 ,50,NA,0,0,TRUE
GrupoJ,kal71,0, 48 52 0 0 0 ,100,NA,0,0,TRUE
GrupoJ,kal72,42, 0 0 0 17381 0 ,17381,NA,ERR_WRONG_TYPE_ARGS,42,TRUE
GrupoJ,kal73,30, 0 0 0 16835 0 ,16835,NA,ERR_WRONG_TYPE,30,TRUE
GrupoJ,kal74,30, 0 0 0 17083 0 ,17083,NA,ERR_WRONG_TYPE,30,TRUE
GrupoJ,kal75,50, 0 0 0 16630 0 ,16630,NA,ERR_WRONG_PAR_INPUT,50,TRUE
GrupoJ,kal76,50, 0 0 0 16630 0 ,16630,NA,ERR_WRONG_PAR_INPUT,50,TRUE
GrupoJ,kal77,50, 0 0 0 16630 0 ,16630,NA,ERR_WRONG_PAR_INPUT,50,TRUE
GrupoJ,kal78,0,no leaks are possible,0,NA,0,0,TRUE
GrupoJ,kal79,0,no leaks are possible,0,NA,0,0,TRUE
GrupoJ,kal80,0,no leaks are possible,0,NA,0,0,TRUE
GrupoJ,kal81,0,no leaks are possible,0,NA,0,0,TRUE
GrupoJ,kal82,0,no leaks are possible,0,NA,0,0,TRUE
GrupoJ,kal83,0,no leaks are possible,0,NA,0,0,TRUE
GrupoJ,kal84,51, 0 0 0 16928 0 ,16928,NA,ERR_WRONG_PAR_OUTPUT,51,TRUE
GrupoJ,kal85,51, 0 0 0 16901 0 ,16901,NA,ERR_WRONG_PAR_OUTPUT,51,TRUE
GrupoJ,kal86,51, 0 0 0 16886 0 ,16886,NA,ERR_WRONG_PAR_OUTPUT,51,TRUE
GrupoJ,kal87,52, 0 0 0 16984 0 ,16984,NA,ERR_WRONG_PAR_RETURN,52,TRUE
GrupoJ,kal88,52, 0 0 0 16938 0 ,16938,NA,ERR_WRONG_PAR_RETURN,52,TRUE
GrupoJ,kal89,0,no leaks are possible,0,NA,0,0,TRUE
GrupoJ,kal90,0,no leaks are possible,0,NA,0,0,TRUE
GrupoJ,kal91,0,no leaks are possible,0,NA,0,0,TRUE
GrupoJ,kal92,0,no leaks are possible,0,NA,0,0,TRUE
GrupoJ,kal93,0,no leaks are possible,0,NA,0,0,TRUE
GrupoJ,kal94,0,no leaks are possible,0,NA,0,0,TRUE
GrupoJ,kal95,0,no leaks are possible,0,NA,0,0,TRUE
GrupoJ,kal96,0,no leaks are possible,0,NA,0,0,TRUE
GrupoJ,kal97,53, 0 0 0 16837 0 ,16837,NA,ERR_WRONG_PAR_SHIFT,53,TRUE
GrupoJ,kal98,53, 0 0 0 16837 0 ,16837,NA,ERR_WRONG_PAR_SHIFT,53,TRUE
GrupoJ,kal99,32, 0 0 0 17206 0 ,17206,NA,ERR_CHAR_TO_X,32,TRUE
GrupoJ,mao01,30, 0 0 0 17308 0 ,17308,NA,ERR_WRONG_TYPE,30,TRUE
GrupoJ,mao02,30, 0 0 0 17262 0 ,17262,NA,ERR_WRONG_TYPE,30,TRUE
GrupoJ,mao03,30, 0 0 0 17506 0 ,17506,NA,ERR_WRONG_TYPE,30,TRUE
GrupoJ,mao04,30, 0 0 0 17460 0 ,17460,NA,ERR_WRONG_TYPE,30,TRUE
GrupoJ,mao05,0,no leaks are possible,0,NA,0,0,TRUE
GrupoJ,mao06,0,no leaks are possible,0,NA,0,0,TRUE
GrupoJ,mao07,0,no leaks are possible,0,NA,0,0,TRUE
GrupoJ,mao08,31, 0 0 0 17167 0 ,17167,NA,ERR_STRING_TO_X,31,TRUE
GrupoJ,mao09,30, 0 0 0 17025 0 ,17025,NA,ERR_WRONG_TYPE,30,TRUE
GrupoL,kal00,0,no leaks are possible,0,NA,ERR_STRING_TO_X,31,FALSE
GrupoL,kal01,0, 34 0 0 0 0 ,34,NA,0,0,TRUE
GrupoL,kal02,0, 34 0 0 0 0 ,34,NA,0,0,TRUE
GrupoL,kal03,0, 34 0 0 0 0 ,34,NA,0,0,TRUE
GrupoL,kal04,1,-1,-1,"3:10: error: syntax error, unexpected TK_LIT_CHAR ",0,0,FALSE
GrupoL,kal05,1,-1,-1,"3:10: error: syntax error, unexpected TK_LIT_STRING ",0,0,FALSE
GrupoL,kal06,0,no leaks are possible,0,NA,ERR_UNDECLARED,10,FALSE
GrupoL,kal07,0,no leaks are possible,0,NA,ERR_UNDECLARED,10,FALSE
GrupoL,kal08,0,no leaks are possible,0,NA,ERR_UNDECLARED,10,FALSE
GrupoL,kal09,1,-1,-1,"3:10: error: syntax error, unexpected TK_LIT_CHAR ",ERR_UNDECLARED,10,FALSE
GrupoL,kal10,1,-1,-1,"3:10: error: syntax error, unexpected TK_LIT_STRING ",ERR_UNDECLARED,10,FALSE
GrupoL,kal11,0, 34 0 0 0 0 ,34,NA,0,0,TRUE
GrupoL,kal12,0, 34 0 0 0 0 ,34,NA,0,0,TRUE
GrupoL,kal13,0, 34 0 0 0 0 ,34,NA,0,0,TRUE
GrupoL,kal14,1,-1,-1,"3:13: error: syntax error, unexpected TK_LIT_CHAR ",0,0,FALSE
GrupoL,kal15,0,no leaks are possible,0,NA,ERR_UNDECLARED,10,FALSE
GrupoL,kal16,0,no leaks are possible,0,NA,ERR_UNDECLARED,10,FALSE
GrupoL,kal17,0,no leaks are possible,0,NA,ERR_UNDECLARED,10,FALSE
GrupoL,kal18,1,-1,-1,"3:13: error: syntax error, unexpected TK_LIT_CHAR ",ERR_UNDECLARED,10,FALSE
GrupoL,kal19,0,no leaks are possible,0,NA,ERR_UNDECLARED,10,FALSE
GrupoL,kal20,0,no leaks are possible,0,NA,ERR_UNDECLARED,10,FALSE
GrupoL,kal21,0,no leaks are possible,0,NA,ERR_UNDECLARED,10,FALSE
GrupoL,kal22,0,no leaks are possible,0,NA,ERR_UNDECLARED,10,FALSE
GrupoL,kal23,0,no leaks are possible,0,NA,ERR_UNDECLARED,10,FALSE
GrupoL,kal24,0,no leaks are possible,0,NA,ERR_UNDECLARED,10,FALSE
GrupoL,kal25,0,no leaks are possible,0,NA,ERR_UNDECLARED,10,FALSE
GrupoL,kal26,0,no leaks are possible,0,NA,ERR_UNDECLARED,10,FALSE
GrupoL,kal27,0,no leaks are possible,0,NA,ERR_UNDECLARED,10,FALSE
GrupoL,kal28,0,no leaks are possible,0,NA,ERR_UNDECLARED,10,FALSE
GrupoL,kal29,0, 68 0 0 0 0 ,68,NA,ERR_DECLARED,11,FALSE
GrupoL,kal30,0, 34 0 0 0 0 ,34,NA,0,0,TRUE
GrupoL,kal31,0,no leaks are possible,0,NA,ERR_DECLARED,11,FALSE
GrupoL,kal32,0,no leaks are possible,0,NA,0,0,TRUE
GrupoL,kal33,0,no leaks are possible,0,NA,ERR_DECLARED,11,FALSE
GrupoL,kal34,0, 34 0 0 0 0 ,34,NA,0,0,TRUE
GrupoL,kal35,0, 34 0 0 0 0 ,34,NA,0,0,TRUE
GrupoL,kal36,0, 34 0 0 0 0 ,34,NA,ERR_DECLARED,11,FALSE
GrupoL,kal37,0,no leaks are possible,0,NA,ERR_UNDECLARED,10,FALSE
GrupoL,kal38,0,no leaks are possible,0,NA,ERR_UNDECLARED,10,FALSE
GrupoL,kal39,0,no leaks are possible,0,NA,0,0,TRUE
GrupoL,kal40,0, 34 0 0 0 0 ,34,NA,0,0,TRUE
GrupoL,kal41,0, 34 0 0 0 0 ,34,NA,0,0,TRUE
GrupoL,kal42,0,no leaks are possible,0,NA,0,0,TRUE
GrupoL,kal43,0,no leaks are possible,0,NA,ERR_UNDECLARED,10,FALSE
GrupoL,kal44,0, 34 0 0 0 0 ,34,NA,0,0,TRUE
GrupoL,kal45,0,no leaks are possible,0,NA,ERR_UNDECLARED,10,FALSE
GrupoL,kal46,0, 34 0 0 0 0 ,34,NA,ERR_VARIABLE,20,FALSE
GrupoL,kal47,0, 34 0 0 0 0 ,34,NA,ERR_VARIABLE,20,FALSE
GrupoL,kal48,0, 34 0 0 0 0 ,34,NA,ERR_VECTOR,21,FALSE
GrupoL,kal49,0, 34 0 0 0 0 ,34,NA,ERR_VECTOR,21,FALSE
GrupoL,kal50,0,no leaks are possible,0,NA,ERR_FUNCTION,22,FALSE
GrupoL,kal51,0,no leaks are possible,0,NA,ERR_FUNCTION,22,FALSE
GrupoL,kal52,0,no leaks are possible,0,NA,ERR_STRING_TO_X,31,FALSE
GrupoL,kal53,0,no leaks are possible,0,NA,ERR_STRING_TO_X,31,FALSE
GrupoL,kal54,0,no leaks are possible,0,NA,ERR_STRING_TO_X,31,FALSE
GrupoL,kal55,1,-1,-1,"4:10: error: syntax error, unexpected TK_LIT_CHAR ",ERR_STRING_TO_X,31,FALSE
GrupoL,kal56,0,no leaks are possible,0,NA,ERR_CHAR_TO_X,32,FALSE
GrupoL,kal57,0,no leaks are possible,0,NA,ERR_CHAR_TO_X,32,FALSE
GrupoL,kal58,0,no leaks are possible,0,NA,ERR_CHAR_TO_X,32,FALSE
GrupoL,kal59,1,-1,-1,"4:10: error: syntax error, unexpected TK_LIT_STRING ",ERR_CHAR_TO_X,32,FALSE
GrupoL,kal60,1,-1,-1,"4:10: error: syntax error, unexpected TK_LIT_STRING ",ERR_STRING_SIZE,33,FALSE
GrupoL,kal61,1,-1,-1,"3:10: error: syntax error, unexpected TK_LIT_STRING ",0,0,FALSE
GrupoL,kal62,0,no leaks are possible,0,NA,ERR_EXCESS_ARGS,41,FALSE
GrupoL,kal63,0,no leaks are possible,0,NA,ERR_EXCESS_ARGS,41,FALSE
GrupoL,kal64,0,no leaks are possible,0,NA,ERR_MISSING_ARGS,40,FALSE
GrupoL,kal65,0,no leaks are possible,0,NA,ERR_MISSING_ARGS,40,FALSE
GrupoL,kal66,0,no leaks are possible,0,NA,ERR_WRONG_TYPE_ARGS,42,FALSE
GrupoL,kal67,0,no leaks are possible,0,NA,ERR_WRONG_TYPE_ARGS,42,FALSE
GrupoL,kal68,1,-1,-1,"4:8: error: syntax error, unexpected TK_LIT_STRING ",ERR_WRONG_TYPE_ARGS,42,FALSE
GrupoL,kal69,1,-1,-1,"4:8: error: syntax error, unexpected TK_LIT_CHAR ",ERR_WRONG_TYPE_ARGS,42,FALSE
GrupoL,kal70,0,no leaks are possible,0,NA,0,0,TRUE
GrupoL,kal71,0,no leaks are possible,0,NA,0,0,TRUE
GrupoL,kal72,1,-1,-1,"4:20: error: syntax error, unexpected TK_LIT_CHAR ",ERR_WRONG_TYPE_ARGS,42,FALSE
GrupoL,kal73,1,-1,-1,"4:10: error: syntax error, unexpected TK_LIT_STRING ",ERR_WRONG_TYPE,30,FALSE
GrupoL,kal74,1,-1,-1,"4:13: error: syntax error, unexpected TK_LIT_STRING ",ERR_WRONG_TYPE,30,FALSE
GrupoL,kal75,0,no leaks are possible,0,NA,ERR_WRONG_PAR_INPUT,50,FALSE
GrupoL,kal76,0,no leaks are possible,0,NA,ERR_WRONG_PAR_INPUT,50,FALSE
GrupoL,kal77,0,no leaks are possible,0,NA,ERR_WRONG_PAR_INPUT,50,FALSE
GrupoL,kal78,0,no leaks are possible,0,NA,0,0,TRUE
GrupoL,kal79,0,no leaks are possible,0,NA,0,0,TRUE
GrupoL,kal80,0,no leaks are possible,0,NA,0,0,TRUE
GrupoL,kal81,0,no leaks are possible,0,NA,0,0,TRUE
GrupoL,kal82,0,no leaks are possible,0,NA,0,0,TRUE
GrupoL,kal83,0,no leaks are possible,0,NA,0,0,TRUE
GrupoL,kal84,0,no leaks are possible,0,NA,ERR_WRONG_PAR_OUTPUT,51,FALSE
GrupoL,kal85,0,no leaks are possible,0,NA,ERR_WRONG_PAR_OUTPUT,51,FALSE
GrupoL,kal86,0,no leaks are possible,0,NA,ERR_WRONG_PAR_OUTPUT,51,FALSE
GrupoL,kal87,0,no leaks are possible,0,NA,ERR_WRONG_PAR_RETURN,52,FALSE
GrupoL,kal88,1,-1,-1,"4:10: error: syntax error, unexpected TK_LIT_CHAR ",ERR_WRONG_PAR_RETURN,52,FALSE
GrupoL,kal89,0,no leaks are possible,0,NA,0,0,TRUE
GrupoL,kal90,0,no leaks are possible,0,NA,0,0,TRUE
GrupoL,kal91,0,no leaks are possible,0,NA,0,0,TRUE
GrupoL,kal92,0,no leaks are possible,0,NA,0,0,TRUE
GrupoL,kal93,0,no leaks are possible,0,NA,0,0,TRUE
GrupoL,kal94,0,no leaks are possible,0,NA,0,0,TRUE
GrupoL,kal95,0,no leaks are possible,0,NA,0,0,TRUE
GrupoL,kal96,0,no leaks are possible,0,NA,0,0,TRUE
GrupoL,kal97,0,no leaks are possible,0,NA,ERR_WRONG_PAR_SHIFT,53,FALSE
GrupoL,kal98,0,no leaks are possible,0,NA,ERR_WRONG_PAR_SHIFT,53,FALSE
GrupoL,kal99,1,-1,-1,"4:10: error: syntax error, unexpected TK_LIT_CHAR ",ERR_CHAR_TO_X,32,FALSE
GrupoL,mao01,0,no leaks are possible,0,NA,ERR_WRONG_TYPE,30,FALSE
GrupoL,mao02,1,-1,-1,"4:10: error: syntax error, unexpected TK_LIT_CHAR ",ERR_WRONG_TYPE,30,FALSE
GrupoL,mao03,0,no leaks are possible,0,NA,ERR_WRONG_TYPE,30,FALSE
GrupoL,mao04,1,-1,-1,"4:10: error: syntax error, unexpected TK_LIT_CHAR ",ERR_WRONG_TYPE,30,FALSE
GrupoL,mao05,0,no leaks are possible,0,NA,0,0,TRUE
GrupoL,mao06,0,no leaks are possible,0,NA,0,0,TRUE
GrupoL,mao07,0,no leaks are possible,0,NA,0,0,TRUE
GrupoL,mao08,1,-1,-1,"2:22: error: syntax error, unexpected TK_LIT_STRING ",ERR_STRING_TO_X,31,FALSE
GrupoL,mao09,1,-1,-1,"2:22: error: syntax error, unexpected TK_LIT_STRING ",ERR_WRONG_TYPE,30,FALSE
GrupoM,kal00,0, 392 1692 0 1168 0 ,3252,NA,ERR_STRING_TO_X,31,FALSE
GrupoM,kal01,0, 216 1490 0 1168 0 ,2874,NA,0,0,TRUE
GrupoM,kal02,0, 216 1490 0 1168 0 ,2874,NA,0,0,TRUE
GrupoM,kal03,0, 216 1490 0 1168 0 ,2874,NA,0,0,TRUE
GrupoM,kal04,0, 216 1490 0 1168 0 ,2874,NA,0,0,TRUE
GrupoM,kal05,0, 216 1490 0 1168 0 ,2874,NA,0,0,TRUE
GrupoM,kal06,1,-1,-1,Line 3 [1;31m ERR_UNDECLARED:[0m variable [1ma[0m not declared. ,ERR_UNDECLARED,10,FALSE
GrupoM,kal07,1,-1,-1,Line 3 [1;31m ERR_UNDECLARED:[0m variable [1ma[0m not declared. ,ERR_UNDECLARED,10,FALSE
GrupoM,kal08,1,-1,-1,Line 3 [1;31m ERR_UNDECLARED:[0m variable [1ma[0m not declared. ,ERR_UNDECLARED,10,FALSE
GrupoM,kal09,1,-1,-1,Line 3 [1;31m ERR_UNDECLARED:[0m variable [1ma[0m not declared. ,ERR_UNDECLARED,10,FALSE
GrupoM,kal10,1,-1,-1,Line 3 [1;31m ERR_UNDECLARED:[0m variable [1ma[0m not declared. ,ERR_UNDECLARED,10,FALSE
GrupoM,kal11,0, 264 2548 0 1168 0 ,3980,NA,0,0,TRUE
GrupoM,kal12,0, 264 2548 0 1168 0 ,3980,NA,0,0,TRUE
GrupoM,kal13,0, 264 2548 0 1168 0 ,3980,NA,0,0,TRUE
GrupoM,kal14,0, 264 2548 0 1168 0 ,3980,NA,0,0,TRUE
GrupoM,kal15,1,-1,-1,Line 3 [1;31m ERR_UNDECLARED:[0m vector [1ma[0m not declared. ,ERR_UNDECLARED,10,FALSE
GrupoM,kal16,1,-1,-1,Line 3 [1;31m ERR_UNDECLARED:[0m vector [1ma[0m not declared. ,ERR_UNDECLARED,10,FALSE
GrupoM,kal17,1,-1,-1,Line 3 [1;31m ERR_UNDECLARED:[0m vector [1ma[0m not declared. ,ERR_UNDECLARED,10,FALSE
GrupoM,kal18,1,-1,-1,Line 3 [1;31m ERR_UNDECLARED:[0m vector [1ma[0m not declared. ,ERR_UNDECLARED,10,FALSE
GrupoM,kal19,1,-1,-1,Line 2 [1;31m ERR_UNDECLARED:[0m function [1mg[0m not declared. ,ERR_UNDECLARED,10,FALSE
GrupoM,kal20,1,-1,-1,Line 2 [1;31m ERR_UNDECLARED:[0m function [1mg[0m not declared. ,ERR_UNDECLARED,10,FALSE
GrupoM,kal21,1,-1,-1,Line 2 [1;31m ERR_UNDECLARED:[0m function [1mg[0m not declared. ,ERR_UNDECLARED,10,FALSE
GrupoM,kal22,1,-1,-1,Line 2 [1;31m ERR_UNDECLARED:[0m function [1mg[0m not declared. ,ERR_UNDECLARED,10,FALSE
GrupoM,kal23,1,-1,-1,Line 2 [1;31m ERR_UNDECLARED:[0m function [1mg[0m not declared. ,ERR_UNDECLARED,10,FALSE
GrupoM,kal24,1,-1,-1,Line 2 [1;31m ERR_UNDECLARED:[0m function [1mg[0m not declared. ,ERR_UNDECLARED,10,FALSE
GrupoM,kal25,1,-1,-1,Line 2 [1;31m ERR_UNDECLARED:[0m function [1mg[0m not declared. ,ERR_UNDECLARED,10,FALSE
GrupoM,kal26,1,-1,-1,Line 2 [1;31m ERR_UNDECLARED:[0m function [1mg[0m not declared. ,ERR_UNDECLARED,10,FALSE
GrupoM,kal27,1,-1,-1,Line 2 [1;31m ERR_UNDECLARED:[0m function [1mg[0m not declared. ,ERR_UNDECLARED,10,FALSE
GrupoM,kal28,1,-1,-1,Line 2 [1;31m ERR_UNDECLARED:[0m function [1mg[0m not declared. ,ERR_UNDECLARED,10,FALSE
GrupoM,kal29,1,-1,-1,Line 3 [1;31m ERR_DECLARED:[0m previous declaration of [1ma[0m at line 2. ,ERR_DECLARED,11,FALSE
GrupoM,kal30,1,-1,-1,Line 3 [1;31m ERR_DECLARED:[0m previous declaration of [1ma[0m at line 1. ,0,0,FALSE
GrupoM,kal31,1,-1,-1,Line 4 [1;31m ERR_DECLARED:[0m previous declaration of [1ma[0m at line 3. ,ERR_DECLARED,11,FALSE
GrupoM,kal32,0, 168 586 0 1170 0 ,1924,NA,0,0,TRUE
GrupoM,kal33,1,-1,-1,Line 6 [1;31m ERR_DECLARED:[0m previous declaration of [1ma[0m at line 5. ,ERR_DECLARED,11,FALSE
GrupoM,kal34,1,-1,-1,Line 3 [1;31m ERR_DECLARED:[0m previous declaration of [1ma[0m at line 1. ,0,0,FALSE
GrupoM,kal35,1,-1,-1,Line 3 [1;31m ERR_DECLARED:[0m previous declaration of [1ma[0m at line 1. ,0,0,FALSE
GrupoM,kal36,1,-1,-1,Line 4 [1;31m ERR_DECLARED:[0m previous declaration of [1ma[0m at line 2. ,ERR_DECLARED,11,FALSE
GrupoM,kal37,1,-1,-1,Line 6 [1;31m ERR_UNDECLARED:[0m variable [1ma[0m not declared. ,ERR_UNDECLARED,10,FALSE
GrupoM,kal38,1,-1,-1,Line 6 [1;31m ERR_UNDECLARED:[0m variable [1ma[0m not declared. ,ERR_UNDECLARED,10,FALSE
GrupoM,kal39,1,-1,-1,Line 6 [1;31m ERR_UNDECLARED:[0m variable [1ma[0m not declared. ,0,0,FALSE
GrupoM,kal40,1,-1,-1,Line 3 [1;31m ERR_DECLARED:[0m previous declaration of [1ma[0m at line 1. ,0,0,FALSE
GrupoM,kal41,0, 216 2066 0 1168 0 ,3450,NA,0,0,TRUE
GrupoM,kal42,0, 400 2224 0 1112 0 ,3736,NA,0,0,TRUE
GrupoM,kal43,1,-1,-1,Line 6 [1;31m ERR_UNDECLARED:[0m function [1mg[0m not declared. ,ERR_UNDECLARED,10,FALSE
GrupoM,kal44,0, 264 3124 0 1168 0 ,4556,NA,0,0,TRUE
GrupoM,kal45,1,-1,-1,Line 6 [1;31m ERR_UNDECLARED:[0m vector [1mv[0m not declared. ,ERR_UNDECLARED,10,FALSE
GrupoM,kal46,1,-1,-1,Line 4 [1;31m ERR_VECTOR:[0m identifier [1ma[0m used as[1;31m VECTOR[0m but was delcared as[1;32m VARIABLE.[0m ,ERR_VARIABLE,20,FALSE
GrupoM,kal47,1,-1,-1,Line 4 [1;31m ERR_FUNCTION:[0m identifier [1ma[0m used as[1;31m FUNCTION[0m but was delcared as[1;32m VARIABLE.[0m ,ERR_VARIABLE,20,FALSE
GrupoM,kal48,1,-1,-1,Line 4 [1;31m ERR_VARIABLE:[0m identifier [1mv[0m used as[1;31m VARIABLE[0m but was delcared as[1;32m VECTOR.[0m ,ERR_VECTOR,21,FALSE
GrupoM,kal49,1,-1,-1,Line 4 [1;31m ERR_FUNCTION:[0m identifier [1mv[0m used as[1;31m FUNCTION[0m but was delcared as[1;32m VECTOR.[0m ,ERR_VECTOR,21,FALSE
GrupoM,kal50,1,-1,-1,Line 4 [1;31m ERR_VARIABLE:[0m identifier [1mg[0m used as[1;31m VARIABLE[0m but was delcared as[1;32m FUNCTION.[0m ,ERR_FUNCTION,22,FALSE
GrupoM,kal51,1,-1,-1,Line 4 [1;31m ERR_VECTOR:[0m identifier [1mg[0m used as[1;31m VECTOR[0m but was delcared as[1;32m FUNCTION.[0m ,ERR_FUNCTION,22,FALSE
GrupoM,kal52,0, 136 2536 0 1168 0 ,3840,NA,ERR_STRING_TO_X,31,FALSE
GrupoM,kal53,0, 136 2536 0 1168 0 ,3840,NA,ERR_STRING_TO_X,31,FALSE
GrupoM,kal54,0, 136 2536 0 1168 0 ,3840,NA,ERR_STRING_TO_X,31,FALSE
GrupoM,kal55,0, 136 2536 0 1168 0 ,3840,NA,ERR_STRING_TO_X,31,FALSE
GrupoM,kal56,0, 136 2536 0 1168 0 ,3840,NA,ERR_CHAR_TO_X,32,FALSE
GrupoM,kal57,0, 136 2536 0 1168 0 ,3840,NA,ERR_CHAR_TO_X,32,FALSE
GrupoM,kal58,0, 136 2536 0 1168 0 ,3840,NA,ERR_CHAR_TO_X,32,FALSE
GrupoM,kal59,0, 136 2536 0 1168 0 ,3840,NA,ERR_CHAR_TO_X,32,FALSE
GrupoM,kal60,0, 192 3536 0 1168 0 ,4896,NA,ERR_STRING_SIZE,33,FALSE
GrupoM,kal61,0, 136 3592 0 1168 0 ,4896,NA,0,0,TRUE
GrupoM,kal62,1,-1,-1,Line 4 [1;31m ERR_EXCESS_ARGS:[0m to much arguments on call of [1mg[0m [1;31m 1[0m excess arguments. ,ERR_EXCESS_ARGS,41,FALSE
GrupoM,kal63,1,-1,-1,Line 4 [1;31m ERR_EXCESS_ARGS:[0m to much arguments on call of [1mg[0m [1;31m 1[0m excess arguments. ,ERR_EXCESS_ARGS,41,FALSE
GrupoM,kal64,1,-1,-1,Line 4 [1;31m ERR_MISSING_ARGS:[0m to few arguments on call of [1mg[0m [1;31m 1[0m missing arguments. ,ERR_MISSING_ARGS,40,FALSE
GrupoM,kal65,1,-1,-1,Line 4 [1;31m ERR_MISSING_ARGS:[0m to few arguments on call of [1mg[0m [1;31m 1[0m missing arguments. ,ERR_MISSING_ARGS,40,FALSE
GrupoM,kal66,1,-1,-1,"Line 4 [1;31m ERR_WRONG_TYPE_ARGS:[0m on call of [1mg[0m 4 is [1;31m int[0m, but expected [1;32mstring.[0m ",ERR_WRONG_TYPE_ARGS,42,FALSE
GrupoM,kal67,1,-1,-1,"Line 4 [1;31m ERR_WRONG_TYPE_ARGS:[0m on call of [1mg[0m 4 is [1;31m int[0m, but expected [1;32mchar.[0m ",ERR_WRONG_TYPE_ARGS,42,FALSE
GrupoM,kal68,1,-1,-1,"Line 4 [1;31m ERR_WRONG_TYPE_ARGS:[0m on call of [1mg[0m universo is [1;31m string[0m, but expected [1;32mchar.[0m ",ERR_WRONG_TYPE_ARGS,42,FALSE
GrupoM,kal69,1,-1,-1,"Line 4 [1;31m ERR_WRONG_TYPE_ARGS:[0m on call of [1mg[0m a is [1;31m char[0m, but expected [1;32mint.[0m ",ERR_WRONG_TYPE_ARGS,42,FALSE
GrupoM,kal70,0, 536 3624 0 1170 0 ,5330,NA,0,0,TRUE
GrupoM,kal71,1,-1,-1,"Line 3 [1;31m ERR_WRONG_TYPE_ARGS:[0m on call of [1mg[0m false is [1;31m bool[0m, but expected [1;32mint.[0m ",0,0,FALSE
GrupoM,kal72,1,-1,-1,"Line 4 [1;31m ERR_WRONG_TYPE_ARGS:[0m on call of [1mg[0m false is [1;31m bool[0m, but expected [1;32mint.[0m ",ERR_WRONG_TYPE_ARGS,42,FALSE
GrupoM,kal73,0, 160 1482 0 1168 0 ,2810,NA,ERR_WRONG_TYPE,30,FALSE
GrupoM,kal74,0, 264 2548 0 1168 0 ,3980,NA,ERR_WRONG_TYPE,30,FALSE
GrupoM,kal75,1,-1,-1,Line 4 [1;31m ERR_WRONG_PAR_OUTPUT:[0m output expected [1;32mint[0m or [1;32mfloat[0m but is[1;31m char[0m. ,ERR_WRONG_PAR_INPUT,50,FALSE
GrupoM,kal76,1,-1,-1,Line 4 [1;31m ERR_WRONG_PAR_OUTPUT:[0m output expected [1;32mint[0m or [1;32mfloat[0m but is[1;31m string[0m. ,ERR_WRONG_PAR_INPUT,50,FALSE
GrupoM,kal77,1,-1,-1,Line 4 [1;31m ERR_WRONG_PAR_OUTPUT:[0m output expected [1;32mint[0m or [1;32mfloat[0m but is[1;31m bool[0m. ,ERR_WRONG_PAR_INPUT,50,FALSE
GrupoM,kal78,0, 176 442 0 1168 0 ,1786,NA,0,0,TRUE
GrupoM,kal79,0, 176 442 0 1168 0 ,1786,NA,0,0,TRUE
GrupoM,kal80,0, 176 442 0 1168 0 ,1786,NA,0,0,TRUE
GrupoM,kal81,0, 176 442 0 1168 0 ,1786,NA,0,0,TRUE
GrupoM,kal82,0, 248 1216 0 1112 0 ,2576,NA,0,0,TRUE
GrupoM,kal83,0, 248 1216 0 1112 0 ,2576,NA,0,0,TRUE
GrupoM,kal84,1,-1,-1,Line 4 [1;31m ERR_WRONG_PAR_INPUT:[0m input expected [1;32mint[0m or [1;32mfloat[0m but is[1;31m string[0m. ,ERR_WRONG_PAR_OUTPUT,51,FALSE
GrupoM,kal85,1,-1,-1,Line 3 [1;31m ERR_DECLARED:[0m previous declaration of [1ma[0m at line 3. ,ERR_WRONG_PAR_OUTPUT,51,FALSE
GrupoM,kal86,1,-1,-1,Line 5 [1;31m ERR_WRONG_PAR_INPUT:[0m input expected [1;32mint[0m or [1;32mfloat[0m but is[1;31m bool[0m. ,ERR_WRONG_PAR_OUTPUT,51,FALSE
GrupoM,kal87,0, 136 424 0 1168 0 ,1728,NA,ERR_WRONG_PAR_RETURN,52,FALSE
GrupoM,kal88,0, 248 458 0 1168 0 ,1874,NA,ERR_WRONG_PAR_RETURN,52,FALSE
GrupoM,kal89,0, 160 426 0 112 0 ,698,NA,0,0,TRUE
GrupoM,kal90,0, 160 426 0 112 0 ,698,NA,0,0,TRUE
GrupoM,kal91,0, 160 426 0 112 0 ,698,NA,0,0,TRUE
GrupoM,kal92,0, 160 426 0 112 0 ,698,NA,0,0,TRUE
GrupoM,kal93,0, 160 426 0 112 0 ,698,NA,0,0,TRUE
GrupoM,kal94,0, 248 160 0 1112 0 ,1520,NA,0,0,TRUE
GrupoM,kal95,0, 160 426 0 1168 0 ,1754,NA,0,0,TRUE
GrupoM,kal96,0, 160 426 0 1168 0 ,1754,NA,0,0,TRUE
GrupoM,kal97,0, 160 426 0 1168 0 ,1754,NA,ERR_WRONG_PAR_SHIFT,53,FALSE
GrupoM,kal98,0, 160 426 0 1168 0 ,1754,NA,ERR_WRONG_PAR_SHIFT,53,FALSE
GrupoM,kal99,0, 504 1726 0 1168 0 ,3398,NA,ERR_CHAR_TO_X,32,FALSE
GrupoM,mao01,0, 392 1692 0 1168 0 ,3252,NA,ERR_WRONG_TYPE,30,FALSE
GrupoM,mao02,0, 504 1726 0 1168 0 ,3398,NA,ERR_WRONG_TYPE,30,FALSE
GrupoM,mao03,0, 520 1798 0 1168 0 ,3486,NA,ERR_WRONG_TYPE,30,FALSE
GrupoM,mao04,0, 632 1832 0 1168 0 ,3632,NA,ERR_WRONG_TYPE,30,FALSE
GrupoM,mao05,0, 544 744 0 1168 0 ,2456,NA,0,0,TRUE
GrupoM,mao06,0, 672 850 0 1168 0 ,2690,NA,0,0,TRUE
GrupoM,mao07,0, 800 956 0 1168 0 ,2924,NA,0,0,TRUE
GrupoM,mao08,0, 600 1764 0 1168 0 ,3532,NA,ERR_STRING_TO_X,31,FALSE
GrupoM,mao09,0, 472 1658 0 1168 0 ,3298,NA,ERR_WRONG_TYPE,30,FALSE
GrupoN,kal00,139,-1,-1,Segmentation fault,ERR_STRING_TO_X,31,FALSE
GrupoN,kal01,139,-1,-1,Segmentation fault,0,0,FALSE
GrupoN,kal02,139,-1,-1,Segmentation fault,0,0,FALSE
GrupoN,kal03,139,-1,-1,Segmentation fault,0,0,FALSE
GrupoN,kal04,139,-1,-1,Segmentation fault,0,0,FALSE
GrupoN,kal05,139,-1,-1,Segmentation fault,0,0,FALSE
GrupoN,kal06,139,-1,-1,Segmentation fault,ERR_UNDECLARED,10,FALSE
GrupoN,kal07,139,-1,-1,Segmentation fault,ERR_UNDECLARED,10,FALSE
GrupoN,kal08,139,-1,-1,Segmentation fault,ERR_UNDECLARED,10,FALSE
GrupoN,kal09,139,-1,-1,Segmentation fault,ERR_UNDECLARED,10,FALSE
GrupoN,kal10,139,-1,-1,Segmentation fault,ERR_UNDECLARED,10,FALSE
GrupoN,kal11,139,-1,-1,Segmentation fault,0,0,FALSE
GrupoN,kal12,139,-1,-1,Segmentation fault,0,0,FALSE
GrupoN,kal13,139,-1,-1,Segmentation fault,0,0,FALSE
GrupoN,kal14,139,-1,-1,Segmentation fault,0,0,FALSE
GrupoN,kal15,139,-1,-1,Segmentation fault,ERR_UNDECLARED,10,FALSE
GrupoN,kal16,139,-1,-1,Segmentation fault,ERR_UNDECLARED,10,FALSE
GrupoN,kal17,139,-1,-1,Segmentation fault,ERR_UNDECLARED,10,FALSE
GrupoN,kal18,139,-1,-1,Segmentation fault,ERR_UNDECLARED,10,FALSE
GrupoN,kal19,139,-1,-1,Segmentation fault,ERR_UNDECLARED,10,FALSE
GrupoN,kal20,139,-1,-1,Segmentation fault,ERR_UNDECLARED,10,FALSE
GrupoN,kal21,139,-1,-1,Segmentation fault,ERR_UNDECLARED,10,FALSE
GrupoN,kal22,139,-1,-1,Segmentation fault,ERR_UNDECLARED,10,FALSE
GrupoN,kal23,139,-1,-1,Segmentation fault,ERR_UNDECLARED,10,FALSE
GrupoN,kal24,139,-1,-1,Segmentation fault,ERR_UNDECLARED,10,FALSE
GrupoN,kal25,139,-1,-1,Segmentation fault,ERR_UNDECLARED,10,FALSE
GrupoN,kal26,139,-1,-1,Segmentation fault,ERR_UNDECLARED,10,FALSE
GrupoN,kal27,139,-1,-1,Segmentation fault,ERR_UNDECLARED,10,FALSE
GrupoN,kal28,139,-1,-1,Segmentation fault,ERR_UNDECLARED,10,FALSE
GrupoN,kal29,139,-1,-1,Segmentation fault,ERR_DECLARED,11,FALSE
GrupoN,kal30,139,-1,-1,Segmentation fault,0,0,FALSE
GrupoN,kal31,139,-1,-1,Segmentation fault,ERR_DECLARED,11,FALSE
GrupoN,kal32,139,-1,-1,Segmentation fault,0,0,FALSE
GrupoN,kal33,139,-1,-1,Segmentation fault,ERR_DECLARED,11,FALSE
GrupoN,kal34,139,-1,-1,Segmentation fault,0,0,FALSE
GrupoN,kal35,139,-1,-1,Segmentation fault,0,0,FALSE
GrupoN,kal36,139,-1,-1,Segmentation fault,ERR_DECLARED,11,FALSE
GrupoN,kal37,139,-1,-1,Segmentation fault,ERR_UNDECLARED,10,FALSE
GrupoN,kal38,139,-1,-1,Segmentation fault,ERR_UNDECLARED,10,FALSE
GrupoN,kal39,139,-1,-1,Segmentation fault,0,0,FALSE
GrupoN,kal40,139,-1,-1,Segmentation fault,0,0,FALSE
GrupoN,kal41,139,-1,-1,Segmentation fault,0,0,FALSE
GrupoN,kal42,139,-1,-1,Segmentation fault,0,0,FALSE
GrupoN,kal43,139,-1,-1,Segmentation fault,ERR_UNDECLARED,10,FALSE
GrupoN,kal44,139,-1,-1,Segmentation fault,0,0,FALSE
GrupoN,kal45,139,-1,-1,Segmentation fault,ERR_UNDECLARED,10,FALSE
GrupoN,kal46,139,-1,-1,Segmentation fault,ERR_VARIABLE,20,FALSE
GrupoN,kal47,139,-1,-1,Segmentation fault,ERR_VARIABLE,20,FALSE
GrupoN,kal48,139,-1,-1,Segmentation fault,ERR_VECTOR,21,FALSE
GrupoN,kal49,139,-1,-1,Segmentation fault,ERR_VECTOR,21,FALSE
GrupoN,kal50,139,-1,-1,Segmentation fault,ERR_FUNCTION,22,FALSE
GrupoN,kal51,139,-1,-1,Segmentation fault,ERR_FUNCTION,22,FALSE
GrupoN,kal52,139,-1,-1,Segmentation fault,ERR_STRING_TO_X,31,FALSE
GrupoN,kal53,139,-1,-1,Segmentation fault,ERR_STRING_TO_X,31,FALSE
GrupoN,kal54,139,-1,-1,Segmentation fault,ERR_STRING_TO_X,31,FALSE
GrupoN,kal55,139,-1,-1,Segmentation fault,ERR_STRING_TO_X,31,FALSE
GrupoN,kal56,139,-1,-1,Segmentation fault,ERR_CHAR_TO_X,32,FALSE
GrupoN,kal57,139,-1,-1,Segmentation fault,ERR_CHAR_TO_X,32,FALSE
GrupoN,kal58,139,-1,-1,Segmentation fault,ERR_CHAR_TO_X,32,FALSE
GrupoN,kal59,139,-1,-1,Segmentation fault,ERR_CHAR_TO_X,32,FALSE
GrupoN,kal60,139,-1,-1,Segmentation fault,ERR_STRING_SIZE,33,FALSE
GrupoN,kal61,139,-1,-1,Segmentation fault,0,0,FALSE
GrupoN,kal62,139,-1,-1,Segmentation fault,ERR_EXCESS_ARGS,41,FALSE
GrupoN,kal63,139,-1,-1,Segmentation fault,ERR_EXCESS_ARGS,41,FALSE
GrupoN,kal64,139,-1,-1,Segmentation fault,ERR_MISSING_ARGS,40,FALSE
GrupoN,kal65,139,-1,-1,Segmentation fault,ERR_MISSING_ARGS,40,FALSE
GrupoN,kal66,139,-1,-1,Segmentation fault,ERR_WRONG_TYPE_ARGS,42,FALSE
GrupoN,kal67,139,-1,-1,Segmentation fault,ERR_WRONG_TYPE_ARGS,42,FALSE
GrupoN,kal68,139,-1,-1,Segmentation fault,ERR_WRONG_TYPE_ARGS,42,FALSE
GrupoN,kal69,139,-1,-1,Segmentation fault,ERR_WRONG_TYPE_ARGS,42,FALSE
GrupoN,kal70,139,-1,-1,Segmentation fault,0,0,FALSE
GrupoN,kal71,139,-1,-1,Segmentation fault,0,0,FALSE
GrupoN,kal72,139,-1,-1,Segmentation fault,ERR_WRONG_TYPE_ARGS,42,FALSE
GrupoN,kal73,139,-1,-1,Segmentation fault,ERR_WRONG_TYPE,30,FALSE
GrupoN,kal74,139,-1,-1,Segmentation fault,ERR_WRONG_TYPE,30,FALSE
GrupoN,kal75,139,-1,-1,Segmentation fault,ERR_WRONG_PAR_INPUT,50,FALSE
GrupoN,kal76,139,-1,-1,Segmentation fault,ERR_WRONG_PAR_INPUT,50,FALSE
GrupoN,kal77,139,-1,-1,Segmentation fault,ERR_WRONG_PAR_INPUT,50,FALSE
GrupoN,kal78,139,-1,-1,Segmentation fault,0,0,FALSE
GrupoN,kal79,139,-1,-1,Segmentation fault,0,0,FALSE
GrupoN,kal80,139,-1,-1,Segmentation fault,0,0,FALSE
GrupoN,kal81,139,-1,-1,Segmentation fault,0,0,FALSE
GrupoN,kal82,139,-1,-1,Segmentation fault,0,0,FALSE
GrupoN,kal83,139,-1,-1,Segmentation fault,0,0,FALSE
GrupoN,kal84,139,-1,-1,Segmentation fault,ERR_WRONG_PAR_OUTPUT,51,FALSE
GrupoN,kal85,139,-1,-1,Segmentation fault,ERR_WRONG_PAR_OUTPUT,51,FALSE
GrupoN,kal86,139,-1,-1,Segmentation fault,ERR_WRONG_PAR_OUTPUT,51,FALSE
GrupoN,kal87,139,-1,-1,Segmentation fault,ERR_WRONG_PAR_RETURN,52,FALSE
GrupoN,kal88,139,-1,-1,Segmentation fault,ERR_WRONG_PAR_RETURN,52,FALSE
GrupoN,kal89,139,-1,-1,Segmentation fault,0,0,FALSE
GrupoN,kal90,139,-1,-1,Segmentation fault,0,0,FALSE
GrupoN,kal91,139,-1,-1,Segmentation fault,0,0,FALSE
GrupoN,kal92,139,-1,-1,Segmentation fault,0,0,FALSE
GrupoN,kal93,139,-1,-1,Segmentation fault,0,0,FALSE
GrupoN,kal94,139,-1,-1,Segmentation fault,0,0,FALSE
GrupoN,kal95,139,-1,-1,Segmentation fault,0,0,FALSE
GrupoN,kal96,139,-1,-1,Segmentation fault,0,0,FALSE
GrupoN,kal97,139,-1,-1,Segmentation fault,ERR_WRONG_PAR_SHIFT,53,FALSE
GrupoN,kal98,139,-1,-1,Segmentation fault,ERR_WRONG_PAR_SHIFT,53,FALSE
GrupoN,kal99,139,-1,-1,Segmentation fault,ERR_CHAR_TO_X,32,FALSE
GrupoN,mao01,139,-1,-1,Segmentation fault,ERR_WRONG_TYPE,30,FALSE
GrupoN,mao02,139,-1,-1,Segmentation fault,ERR_WRONG_TYPE,30,FALSE
GrupoN,mao03,139,-1,-1,Segmentation fault,ERR_WRONG_TYPE,30,FALSE
GrupoN,mao04,139,-1,-1,Segmentation fault,ERR_WRONG_TYPE,30,FALSE
GrupoN,mao05,139,-1,-1,Segmentation fault,0,0,FALSE
GrupoN,mao06,139,-1,-1,Segmentation fault,0,0,FALSE
GrupoN,mao07,139,-1,-1,Segmentation fault,0,0,FALSE
GrupoN,mao08,139,-1,-1,Segmentation fault,ERR_STRING_TO_X,31,FALSE
GrupoN,mao09,139,-1,-1,Segmentation fault,ERR_WRONG_TYPE,30,FALSE
GrupoO,kal00,0, 488 252 0 498 0 ,1238,NA,ERR_STRING_TO_X,31,FALSE
GrupoO,kal01,0, 464 2 0 564 0 ,1030,NA,0,0,TRUE
GrupoO,kal02,0, 464 2 0 564 0 ,1030,NA,0,0,TRUE
GrupoO,kal03,0, 464 2 0 564 0 ,1030,NA,0,0,TRUE
GrupoO,kal04,1,-1,-1,"syntax error, unexpected TK_LIT_CHAR on line 3 at column 9 ",0,0,FALSE
GrupoO,kal05,1,-1,-1,"syntax error, unexpected TOKEN_ERRO on line 3 at column 9 ",0,0,FALSE
GrupoO,kal06,0, 416 0 0 498 0 ,914,NA,ERR_UNDECLARED,10,FALSE
GrupoO,kal07,0, 416 0 0 498 0 ,914,NA,ERR_UNDECLARED,10,FALSE
GrupoO,kal08,0, 416 0 0 498 0 ,914,NA,ERR_UNDECLARED,10,FALSE
GrupoO,kal09,1,-1,-1,"syntax error, unexpected TK_LIT_CHAR on line 3 at column 9 ",ERR_UNDECLARED,10,FALSE
GrupoO,kal10,1,-1,-1,"syntax error, unexpected TOKEN_ERRO on line 3 at column 9 ",ERR_UNDECLARED,10,FALSE
GrupoO,kal11,0, 488 2 0 564 0 ,1054,NA,0,0,TRUE
GrupoO,kal12,0, 488 2 0 564 0 ,1054,NA,0,0,TRUE
GrupoO,kal13,0, 488 2 0 564 0 ,1054,NA,0,0,TRUE
GrupoO,kal14,1,-1,-1,"syntax error, unexpected TK_LIT_CHAR on line 3 at column 12 ",0,0,FALSE
GrupoO,kal15,0, 416 0 0 498 0 ,914,NA,ERR_UNDECLARED,10,FALSE
GrupoO,kal16,0, 416 0 0 498 0 ,914,NA,ERR_UNDECLARED,10,FALSE
GrupoO,kal17,0, 416 0 0 498 0 ,914,NA,ERR_UNDECLARED,10,FALSE
GrupoO,kal18,1,-1,-1,"syntax error, unexpected TK_LIT_CHAR on line 3 at column 12 ",ERR_UNDECLARED,10,FALSE
GrupoO,kal19,1,-1,-1,"syntax error, unexpected ) on line 2 at column 13 ",ERR_UNDECLARED,10,FALSE
GrupoO,kal20,1,-1,-1,"syntax error, unexpected ) on line 2 at column 13 ",ERR_UNDECLARED,10,FALSE
GrupoO,kal21,1,-1,-1,"syntax error, unexpected ) on line 2 at column 13 ",ERR_UNDECLARED,10,FALSE
GrupoO,kal22,1,-1,-1,"syntax error, unexpected ) on line 2 at column 13 ",ERR_UNDECLARED,10,FALSE
GrupoO,kal23,1,-1,-1,"syntax error, unexpected ) on line 2 at column 13 ",ERR_UNDECLARED,10,FALSE
GrupoO,kal24,1,-1,-1,"syntax error, unexpected ) on line 2 at column 13 ",ERR_UNDECLARED,10,FALSE
GrupoO,kal25,1,-1,-1,"syntax error, unexpected ) on line 2 at column 13 ",ERR_UNDECLARED,10,FALSE
GrupoO,kal26,1,-1,-1,"syntax error, unexpected ) on line 2 at column 13 ",ERR_UNDECLARED,10,FALSE
GrupoO,kal27,1,-1,-1,"syntax error, unexpected ) on line 2 at column 13 ",ERR_UNDECLARED,10,FALSE
GrupoO,kal28,1,-1,-1,"syntax error, unexpected ) on line 2 at column 13 ",ERR_UNDECLARED,10,FALSE
GrupoO,kal29,11, 48 2 0 82584 0 ,82634,NA,ERR_DECLARED,11,TRUE
GrupoO,kal30,0, 488 94 0 564 0 ,1146,NA,0,0,TRUE
GrupoO,kal31,11, 0 0 0 83200 0 ,83200,NA,ERR_DECLARED,11,TRUE
GrupoO,kal32,0, 880 184 0 498 0 ,1562,NA,0,0,TRUE
GrupoO,kal33,11, 0 0 0 83748 0 ,83748,NA,ERR_DECLARED,11,TRUE
GrupoO,kal34,0, 928 186 0 564 0 ,1678,NA,0,0,TRUE
GrupoO,kal35,0, 1808 370 0 564 0 ,2742,NA,0,0,TRUE
GrupoO,kal36,11, 880 158 0 83890 0 ,84928,NA,ERR_DECLARED,11,TRUE
GrupoO,kal37,0, 1664 0 0 498 0 ,2162,NA,ERR_UNDECLARED,10,FALSE
GrupoO,kal38,0, 1688 92 0 498 0 ,2278,NA,ERR_UNDECLARED,10,FALSE
GrupoO,kal39,0, 1688 92 0 498 0 ,2278,NA,0,0,TRUE
GrupoO,kal40,0, 1736 94 0 564 0 ,2394,NA,0,0,TRUE
GrupoO,kal41,0, 1712 2 0 564 0 ,2278,NA,0,0,TRUE
GrupoO,kal42,1,-1,-1,"syntax error, unexpected ) on line 6 at column 10 ",0,0,FALSE
GrupoO,kal43,1,-1,-1,"syntax error, unexpected ) on line 6 at column 10 ",ERR_UNDECLARED,10,FALSE
GrupoO,kal44,0, 1736 2 0 564 0 ,2302,NA,0,0,TRUE
GrupoO,kal45,0, 1664 0 0 498 0 ,2162,NA,ERR_UNDECLARED,10,FALSE
GrupoO,kal46,0, 464 2 0 564 0 ,1030,NA,ERR_VARIABLE,20,FALSE
GrupoO,kal47,1,-1,-1,"syntax error, unexpected ) on line 4 at column 7 ",ERR_VARIABLE,20,FALSE
GrupoO,kal48,0, 488 2 0 564 0 ,1054,NA,ERR_VECTOR,21,FALSE
GrupoO,kal49,1,-1,-1,"syntax error, unexpected ) on line 4 at column 7 ",ERR_VECTOR,21,FALSE
GrupoO,kal50,0, 832 0 0 564 0 ,1396,NA,ERR_FUNCTION,22,FALSE
GrupoO,kal51,0, 832 0 0 564 0 ,1396,NA,ERR_FUNCTION,22,FALSE
GrupoO,kal52,0, 440 68 0 498 0 ,1006,NA,ERR_STRING_TO_X,31,FALSE
GrupoO,kal53,0, 440 68 0 498 0 ,1006,NA,ERR_STRING_TO_X,31,FALSE
GrupoO,kal54,0, 440 68 0 498 0 ,1006,NA,ERR_STRING_TO_X,31,FALSE
GrupoO,kal55,1,-1,-1,"syntax error, unexpected TK_LIT_CHAR on line 4 at column 9 ",ERR_STRING_TO_X,31,FALSE
GrupoO,kal56,0, 440 68 0 498 0 ,1006,NA,ERR_CHAR_TO_X,32,FALSE
GrupoO,kal57,0, 440 68 0 498 0 ,1006,NA,ERR_CHAR_TO_X,32,FALSE
GrupoO,kal58,0, 440 68 0 498 0 ,1006,NA,ERR_CHAR_TO_X,32,FALSE
GrupoO,kal59,1,-1,-1,"syntax error, unexpected TK_LIT_STRING on line 4 at column 9 ",ERR_CHAR_TO_X,32,FALSE
GrupoO,kal60,1,-1,-1,"syntax error, unexpected TK_LIT_STRING on line 4 at column 9 ",ERR_STRING_SIZE,33,FALSE
GrupoO,kal61,1,-1,-1,"syntax error, unexpected TK_LIT_STRING on line 3 at column 9 ",0,0,FALSE
GrupoO,kal62,0, 832 0 0 564 0 ,1396,NA,ERR_EXCESS_ARGS,41,FALSE
GrupoO,kal63,0, 856 2 0 564 0 ,1422,NA,ERR_EXCESS_ARGS,41,FALSE
GrupoO,kal64,1,-1,-1,"syntax error, unexpected ) on line 4 at column 7 ",ERR_MISSING_ARGS,40,FALSE
GrupoO,kal65,0, 880 4 0 564 0 ,1448,NA,ERR_MISSING_ARGS,40,FALSE
GrupoO,kal66,0, 856 2 0 564 0 ,1422,NA,ERR_WRONG_TYPE_ARGS,42,FALSE
GrupoO,kal67,0, 856 2 0 564 0 ,1422,NA,ERR_WRONG_TYPE_ARGS,42,FALSE
GrupoO,kal68,1,-1,-1,"syntax error, unexpected TK_LIT_STRING on line 4 at column 7 ",ERR_WRONG_TYPE_ARGS,42,FALSE
GrupoO,kal69,1,-1,-1,"syntax error, unexpected TOKEN_ERRO on line 4 at column 7 ",ERR_WRONG_TYPE_ARGS,42,FALSE
GrupoO,kal70,0, 856 2 0 564 0 ,1422,NA,0,0,TRUE
GrupoO,kal71,0, 880 4 0 564 0 ,1448,NA,0,0,TRUE
GrupoO,kal72,1,-1,-1,"syntax error, unexpected TOKEN_ERRO on line 4 at column 19 ",ERR_WRONG_TYPE_ARGS,42,FALSE
GrupoO,kal73,1,-1,-1,"syntax error, unexpected TK_LIT_STRING on line 4 at column 9 ",ERR_WRONG_TYPE,30,FALSE
GrupoO,kal74,1,-1,-1,"syntax error, unexpected TK_LIT_STRING on line 4 at column 12 ",ERR_WRONG_TYPE,30,FALSE
GrupoO,kal75,0, 440 92 0 498 0 ,1030,NA,ERR_WRONG_PAR_INPUT,50,FALSE
GrupoO,kal76,0, 440 92 0 498 0 ,1030,NA,ERR_WRONG_PAR_INPUT,50,FALSE
GrupoO,kal77,0, 440 92 0 498 0 ,1030,NA,ERR_WRONG_PAR_INPUT,50,FALSE
GrupoO,kal78,0, 440 92 0 498 0 ,1030,NA,0,0,TRUE
GrupoO,kal79,0, 440 92 0 498 0 ,1030,NA,0,0,TRUE
GrupoO,kal80,0, 440 92 0 498 0 ,1030,NA,0,0,TRUE
GrupoO,kal81,0, 440 92 0 498 0 ,1030,NA,0,0,TRUE
GrupoO,kal82,0, 416 0 0 498 0 ,914,NA,0,0,TRUE
GrupoO,kal83,0, 416 0 0 498 0 ,914,NA,0,0,TRUE
GrupoO,kal84,0, 440 68 0 498 0 ,1006,NA,ERR_WRONG_PAR_OUTPUT,51,FALSE
GrupoO,kal85,0, 440 68 0 498 0 ,1006,NA,ERR_WRONG_PAR_OUTPUT,51,FALSE
GrupoO,kal86,0, 440 92 0 498 0 ,1030,NA,ERR_WRONG_PAR_OUTPUT,51,FALSE
GrupoO,kal87,0, 440 68 0 498 0 ,1006,NA,ERR_WRONG_PAR_RETURN,52,FALSE
GrupoO,kal88,1,-1,-1,"syntax error, unexpected TK_LIT_CHAR on line 4 at column 9 ",ERR_WRONG_PAR_RETURN,52,FALSE
GrupoO,kal89,0, 440 92 0 498 0 ,1030,NA,0,0,TRUE
GrupoO,kal90,0, 440 92 0 498 0 ,1030,NA,0,0,TRUE
GrupoO,kal91,0, 440 92 0 498 0 ,1030,NA,0,0,TRUE
GrupoO,kal92,0, 440 92 0 498 0 ,1030,NA,0,0,TRUE
GrupoO,kal93,0, 440 92 0 498 0 ,1030,NA,0,0,TRUE
GrupoO,kal94,0, 416 0 0 498 0 ,914,NA,0,0,TRUE
GrupoO,kal95,0, 440 92 0 498 0 ,1030,NA,0,0,TRUE
GrupoO,kal96,0, 440 92 0 498 0 ,1030,NA,0,0,TRUE
GrupoO,kal97,0, 440 92 0 498 0 ,1030,NA,ERR_WRONG_PAR_SHIFT,53,FALSE
GrupoO,kal98,0, 440 92 0 498 0 ,1030,NA,ERR_WRONG_PAR_SHIFT,53,FALSE
GrupoO,kal99,1,-1,-1,"syntax error, unexpected TK_LIT_CHAR on line 4 at column 9 ",ERR_CHAR_TO_X,32,FALSE
GrupoO,mao01,0, 488 252 0 498 0 ,1238,NA,ERR_WRONG_TYPE,30,FALSE
GrupoO,mao02,1,-1,-1,"syntax error, unexpected TK_LIT_CHAR on line 4 at column 9 ",ERR_WRONG_TYPE,30,FALSE
GrupoO,mao03,0, 512 344 0 498 0 ,1354,NA,ERR_WRONG_TYPE,30,FALSE
GrupoO,mao04,1,-1,-1,"syntax error, unexpected TK_LIT_CHAR on line 4 at column 9 ",ERR_WRONG_TYPE,30,FALSE
GrupoO,mao05,0, 512 368 0 498 0 ,1378,NA,0,0,TRUE
GrupoO,mao06,0, 536 460 0 498 0 ,1494,NA,0,0,TRUE
GrupoO,mao07,0, 560 552 0 498 0 ,1610,NA,0,0,TRUE
GrupoO,mao08,1,-1,-1,"syntax error, unexpected TK_LIT_STRING on line 2 at column 21 ",ERR_STRING_TO_X,31,FALSE
GrupoO,mao09,1,-1,-1,"syntax error, unexpected TK_LIT_STRING on line 2 at column 21 ",ERR_WRONG_TYPE,30,FALSE
GrupoP,kal00,11, 50 10 0 2048 0 ,2108,NA,ERR_STRING_TO_X,31,FALSE
GrupoP,kal01,0, 2 0 0 1472 0 ,1474,NA,0,0,TRUE
GrupoP,kal02,0, 2 0 0 1472 0 ,1474,NA,0,0,TRUE
GrupoP,kal03,0, 2 0 0 1472 0 ,1474,NA,0,0,TRUE
GrupoP,kal04,0, 2 0 0 1472 0 ,1474,NA,0,0,TRUE
GrupoP,kal05,0, 2 0 0 1472 0 ,1474,NA,0,0,TRUE
GrupoP,kal06,10, 96 10 0 1314 0 ,1420,NA,ERR_UNDECLARED,10,TRUE
GrupoP,kal07,10, 96 10 0 1314 0 ,1420,NA,ERR_UNDECLARED,10,TRUE
GrupoP,kal08,10, 96 10 0 1314 0 ,1420,NA,ERR_UNDECLARED,10,TRUE
GrupoP,kal09,10, 96 10 0 1314 0 ,1420,NA,ERR_UNDECLARED,10,TRUE
GrupoP,kal10,10, 96 10 0 1314 0 ,1420,NA,ERR_UNDECLARED,10,TRUE
GrupoP,kal11,0, 2 0 0 1472 0 ,1474,NA,0,0,TRUE
GrupoP,kal12,0, 2 0 0 1472 0 ,1474,NA,0,0,TRUE
GrupoP,kal13,0, 2 0 0 1472 0 ,1474,NA,0,0,TRUE
GrupoP,kal14,0, 2 0 0 1472 0 ,1474,NA,0,0,TRUE
GrupoP,kal15,10, 96 10 0 1314 0 ,1420,NA,ERR_UNDECLARED,10,TRUE
GrupoP,kal16,10, 96 10 0 1314 0 ,1420,NA,ERR_UNDECLARED,10,TRUE
GrupoP,kal17,10, 96 10 0 1314 0 ,1420,NA,ERR_UNDECLARED,10,TRUE
GrupoP,kal18,10, 96 10 0 1314 0 ,1420,NA,ERR_UNDECLARED,10,TRUE
GrupoP,kal19,10, 96 18 0 1314 0 ,1428,NA,ERR_UNDECLARED,10,TRUE
GrupoP,kal20,10, 96 18 0 1314 0 ,1428,NA,ERR_UNDECLARED,10,TRUE
GrupoP,kal21,10, 96 18 0 1314 0 ,1428,NA,ERR_UNDECLARED,10,TRUE
GrupoP,kal22,10, 96 18 0 1314 0 ,1428,NA,ERR_UNDECLARED,10,TRUE
GrupoP,kal23,10, 96 18 0 1314 0 ,1428,NA,ERR_UNDECLARED,10,TRUE
GrupoP,kal24,10, 96 18 0 1314 0 ,1428,NA,ERR_UNDECLARED,10,TRUE
GrupoP,kal25,10, 96 18 0 1314 0 ,1428,NA,ERR_UNDECLARED,10,TRUE
GrupoP,kal26,10, 96 18 0 1314 0 ,1428,NA,ERR_UNDECLARED,10,TRUE
GrupoP,kal27,10, 96 18 0 1314 0 ,1428,NA,ERR_UNDECLARED,10,TRUE
GrupoP,kal28,10, 96 18 0 1314 0 ,1428,NA,ERR_UNDECLARED,10,TRUE
GrupoP,kal29,11, 2 0 0 1274 0 ,1276,NA,ERR_DECLARED,11,TRUE
GrupoP,kal30,11, 50 10 0 1474 0 ,1534,NA,0,0,FALSE
GrupoP,kal31,11, 48 10 0 2050 0 ,2108,NA,ERR_DECLARED,11,TRUE
GrupoP,kal32,11, 48 10 0 2048 0 ,2106,NA,0,0,FALSE
GrupoP,kal33,11, 48 10 0 2048 0 ,2106,NA,ERR_DECLARED,11,TRUE
GrupoP,kal34,11, 50 10 0 1474 0 ,1534,NA,0,0,FALSE
GrupoP,kal35,11, 50 10 0 1474 0 ,1534,NA,0,0,FALSE
GrupoP,kal36,11, 50 10 0 1474 0 ,1534,NA,ERR_DECLARED,11,TRUE
GrupoP,kal37,11, 48 8 0 1314 0 ,1370,NA,ERR_UNDECLARED,10,FALSE
GrupoP,kal38,11, 48 8 0 1314 0 ,1370,NA,ERR_UNDECLARED,10,FALSE
GrupoP,kal39,11, 48 8 0 1314 0 ,1370,NA,0,0,FALSE
GrupoP,kal40,11, 50 10 0 1474 0 ,1534,NA,0,0,FALSE
GrupoP,kal41,11, 50 8 0 1474 0 ,1532,NA,0,0,FALSE
GrupoP,kal42,11, 144 74 0 1506 0 ,1724,NA,0,0,FALSE
GrupoP,kal43,11, 48 8 0 1314 0 ,1370,NA,ERR_UNDECLARED,10,FALSE
GrupoP,kal44,11, 50 8 0 1474 0 ,1532,NA,0,0,FALSE
GrupoP,kal45,11, 48 8 0 1314 0 ,1370,NA,ERR_UNDECLARED,10,FALSE
GrupoP,kal46,20, 194 12 0 1472 0 ,1678,NA,ERR_VARIABLE,20,TRUE
GrupoP,kal47,20, 98 18 0 1474 0 ,1590,NA,ERR_VARIABLE,20,TRUE
GrupoP,kal48,0, 2 0 0 1472 0 ,1474,NA,ERR_VECTOR,21,FALSE
GrupoP,kal49,21, 98 18 0 1474 0 ,1590,NA,ERR_VECTOR,21,TRUE
GrupoP,kal50,0, 0 0 0 1504 0 ,1504,NA,ERR_FUNCTION,22,FALSE
GrupoP,kal51,22, 288 78 0 1504 0 ,1870,NA,ERR_FUNCTION,22,TRUE
GrupoP,kal52,11, 50 10 0 2048 0 ,2108,NA,ERR_STRING_TO_X,31,FALSE
GrupoP,kal53,11, 50 10 0 2048 0 ,2108,NA,ERR_STRING_TO_X,31,FALSE
GrupoP,kal54,11, 50 10 0 2048 0 ,2108,NA,ERR_STRING_TO_X,31,FALSE
GrupoP,kal55,11, 50 10 0 2048 0 ,2108,NA,ERR_STRING_TO_X,31,FALSE
GrupoP,kal56,11, 50 10 0 2048 0 ,2108,NA,ERR_CHAR_TO_X,32,FALSE
GrupoP,kal57,11, 50 10 0 2048 0 ,2108,NA,ERR_CHAR_TO_X,32,FALSE
GrupoP,kal58,11, 50 10 0 2048 0 ,2108,NA,ERR_CHAR_TO_X,32,FALSE
GrupoP,kal59,11, 50 10 0 2048 0 ,2108,NA,ERR_CHAR_TO_X,32,FALSE
GrupoP,kal60,11, 50 10 0 2048 0 ,2108,NA,ERR_STRING_SIZE,33,FALSE
GrupoP,kal61,11, 50 10 0 2048 0 ,2108,NA,0,0,FALSE
GrupoP,kal62,0, 0 0 0 1504 0 ,1504,NA,ERR_EXCESS_ARGS,41,FALSE
GrupoP,kal63,0, 4 0 0 2280 0 ,2284,NA,ERR_EXCESS_ARGS,41,FALSE
GrupoP,kal64,0, 4 0 0 2280 0 ,2284,NA,ERR_MISSING_ARGS,40,FALSE
GrupoP,kal65,0, 8 0 0 2472 0 ,2480,NA,ERR_MISSING_ARGS,40,FALSE
GrupoP,kal66,0, 4 0 0 2280 0 ,2284,NA,ERR_WRONG_TYPE_ARGS,42,FALSE
GrupoP,kal67,0, 4 0 0 2280 0 ,2284,NA,ERR_WRONG_TYPE_ARGS,42,FALSE
GrupoP,kal68,0, 4 0 0 2280 0 ,2284,NA,ERR_WRONG_TYPE_ARGS,42,FALSE
GrupoP,kal69,0, 4 0 0 2280 0 ,2284,NA,ERR_WRONG_TYPE_ARGS,42,FALSE
GrupoP,kal70,0, 4 0 0 2280 0 ,2284,NA,0,0,TRUE
GrupoP,kal71,0, 8 0 0 2472 0 ,2480,NA,0,0,TRUE
GrupoP,kal72,0, 14 0 0 2664 0 ,2678,NA,ERR_WRONG_TYPE_ARGS,42,FALSE
GrupoP,kal73,30, 144 12 0 2057 0 ,2213,NA,ERR_WRONG_TYPE,30,TRUE
GrupoP,kal74,30, 194 12 0 1481 0 ,1687,NA,ERR_WRONG_TYPE,30,TRUE
GrupoP,kal75,0, 0 0 0 2048 0 ,2048,NA,ERR_WRONG_PAR_INPUT,50,FALSE
GrupoP,kal76,0, 0 0 0 2048 0 ,2048,NA,ERR_WRONG_PAR_INPUT,50,FALSE
GrupoP,kal77,0, 0 0 0 2048 0 ,2048,NA,ERR_WRONG_PAR_INPUT,50,FALSE
GrupoP,kal78,0, 0 0 0 2048 0 ,2048,NA,0,0,TRUE
GrupoP,kal79,0, 0 0 0 2048 0 ,2048,NA,0,0,TRUE
GrupoP,kal80,0, 0 0 0 2048 0 ,2048,NA,0,0,TRUE
GrupoP,kal81,0, 0 0 0 2048 0 ,2048,NA,0,0,TRUE
GrupoP,kal82,0, 0 0 0 1312 0 ,1312,NA,0,0,TRUE
GrupoP,kal83,0, 0 0 0 1312 0 ,1312,NA,0,0,TRUE
GrupoP,kal84,11, 50 10 0 2048 0 ,2108,NA,ERR_WRONG_PAR_OUTPUT,51,FALSE
GrupoP,kal85,11, 50 10 0 2048 0 ,2108,NA,ERR_WRONG_PAR_OUTPUT,51,FALSE
GrupoP,kal86,0, 0 0 0 2048 0 ,2048,NA,ERR_WRONG_PAR_OUTPUT,51,FALSE
GrupoP,kal87,11, 50 10 0 2048 0 ,2108,NA,ERR_WRONG_PAR_RETURN,52,FALSE
GrupoP,kal88,0, 0 0 0 2048 0 ,2048,NA,ERR_WRONG_PAR_RETURN,52,FALSE
GrupoP,kal89,0, 0 0 0 2048 0 ,2048,NA,0,0,TRUE
GrupoP,kal90,0, 0 0 0 2048 0 ,2048,NA,0,0,TRUE
GrupoP,kal91,0, 0 0 0 2048 0 ,2048,NA,0,0,TRUE
GrupoP,kal92,0, 0 0 0 2048 0 ,2048,NA,0,0,TRUE
GrupoP,kal93,0, 0 0 0 2048 0 ,2048,NA,0,0,TRUE
GrupoP,kal94,0, 0 0 0 1312 0 ,1312,NA,0,0,TRUE
GrupoP,kal95,0, 0 0 0 2048 0 ,2048,NA,0,0,TRUE
GrupoP,kal96,0, 0 0 0 2048 0 ,2048,NA,0,0,TRUE
GrupoP,kal97,0, 0 0 0 2048 0 ,2048,NA,ERR_WRONG_PAR_SHIFT,53,FALSE
GrupoP,kal98,0, 0 0 0 2048 0 ,2048,NA,ERR_WRONG_PAR_SHIFT,53,FALSE
GrupoP,kal99,30, 192 242 0 2370 0 ,2804,NA,ERR_CHAR_TO_X,32,FALSE
GrupoP,mao01,11, 50 10 0 2048 0 ,2108,NA,ERR_WRONG_TYPE,30,FALSE
GrupoP,mao02,30, 192 242 0 2370 0 ,2804,NA,ERR_WRONG_TYPE,30,TRUE
GrupoP,mao03,11, 50 10 0 2048 0 ,2108,NA,ERR_WRONG_TYPE,30,FALSE
GrupoP,mao04,30, 192 358 0 2530 0 ,3080,NA,ERR_WRONG_TYPE,30,TRUE
GrupoP,mao05,30, 144 244 0 2530 0 ,2918,NA,0,0,FALSE
GrupoP,mao06,30, 144 360 0 2690 0 ,3194,NA,0,0,FALSE
GrupoP,mao07,30, 144 476 0 2850 0 ,3470,NA,0,0,FALSE
GrupoP,mao08,30, 240 211 0 2402 0 ,2853,NA,ERR_STRING_TO_X,31,FALSE
GrupoP,mao09,30, 240 95 0 2242 0 ,2577,NA,ERR_WRONG_TYPE,30,TRUE
